1,http://www.starrenvironmental.com/images/species/?q=Abelia+x+grandiflora,Abelia x grandiflora,Glossy abelia,Caprifoliaceae,"
  Non-Native : Cultivated
    
  "
2,http://www.starrenvironmental.com/images/species/?q=Abelmoschus+esculentus,Abelmoschus esculentus,"Okra, gumbo, lady's finger",Malvaceae,"
  Non-Native : Cultivated
    
  "
3,http://www.starrenvironmental.com/images/species/?q=Abelmoschus+manihot,Abelmoschus manihot,"Edible hibiscus, Tongan spinach, sunset muskmallow",Malvaceae,"
  Non-Native : Cultivated
    
  "
4,http://www.starrenvironmental.com/images/species/?q=Abrus+precatorius,Abrus precatorius,"Black-eyed Susan, rosary pea",Fabaceae,"
  Non-Native : Naturalized
    
  "
5,http://www.starrenvironmental.com/images/species/?q=Abutilon+eremitopetalum,Abutilon eremitopetalum,Hidden petal abutilon,Malvaceae,"
  Native : Endemic
    
  "
6,http://www.starrenvironmental.com/images/species/?q=Abutilon+grandifolium,Abutilon grandifolium,Hairy abutilon,Malvaceae,"
  Non-Native : Naturalized
    
  "
7,http://www.starrenvironmental.com/images/species/?q=Abutilon+incanum,Abutilon incanum,Hoary abutilon,Malvaceae,"
  Native : Indigenous?
    
  "
8,http://www.starrenvironmental.com/images/species/?q=Abutilon+menziesii,Abutilon menziesii,Kooloaula,Malvaceae,"
  Native : Endemic
    
  "
9,http://www.starrenvironmental.com/images/species/?q=Abutilon+pictum,Abutilon pictum,"Lantern ilima, royal ilima",Malvaceae,"
  Non-Native : Cultivated
    
  "
10,http://www.starrenvironmental.com/images/species/?q=Abutilon+x+hybridum,Abutilon x hybridum,Hybrid abutilon,Malvaceae,"
  Non-Native : Cultivated
    
  "
11,http://www.starrenvironmental.com/images/species/?q=Abutilon+x+milleri,Abutilon x milleri,Trailing abutilon,Malvaceae,"
  Non-Native : Cultivated
    
  "
12,http://www.starrenvironmental.com/images/species/?q=Acacia+aneura,Acacia aneura,Mulga acacia,Fabaceae,"
  Non-Native : Naturalized
    
  "
13,http://www.starrenvironmental.com/images/species/?q=Acacia+aulacocarpa,Acacia aulacocarpa,"Hickory wattle, brown salwood",Fabaceae,"
  Non-Native : Cultivated
    
  "
14,http://www.starrenvironmental.com/images/species/?q=Acacia+auriculiformis,Acacia auriculiformis,Earpod wattle,Fabaceae,"
  Non-Native : Cultivated
    
  "
15,http://www.starrenvironmental.com/images/species/?q=Acacia+confusa,Acacia confusa,Formosa koa,Fabaceae,"
  Non-Native : Naturalized
    
  "
16,http://www.starrenvironmental.com/images/species/?q=Acacia+koa,Acacia koa,Koa,Fabaceae,"
  Native : Endemic
    
  "
17,http://www.starrenvironmental.com/images/species/?q=Acacia+koaia,Acacia koaia,"Koaia, dwarf koa",Fabaceae,"
  Native : Endemic
    
  "
18,http://www.starrenvironmental.com/images/species/?q=Acacia+koaia+x+koa,Acacia koaia x koa,Koaia koa hybrid,Fabaceae,"
  Native : Endemic
    
  "
19,http://www.starrenvironmental.com/images/species/?q=Acacia+mangium,Acacia mangium,Mangium wattle,Fabaceae,"
  Non-Native : Cultivated
    
  "
20,http://www.starrenvironmental.com/images/species/?q=Acacia+mearnsii,Acacia mearnsii,Black wattle,Fabaceae,"
  Non-Native : Naturalized
    
  "
21,http://www.starrenvironmental.com/images/species/?q=Acacia+melanoxylon,Acacia melanoxylon,Australian blackwood,Fabaceae,"
  Non-Native : Naturalized
    
  "
22,http://www.starrenvironmental.com/images/species/?q=Acacia+podalyriifolia,Acacia podalyriifolia,Queensland silver wattle,Fabaceae,"
  Non-Native : Cultivated
    
  "
23,http://www.starrenvironmental.com/images/species/?q=Acacia+retinodes,Acacia retinodes,Water wattle,Fabaceae,"
  Non-Native : Naturalized
    
  "
24,http://www.starrenvironmental.com/images/species/?q=Acacia+sp.,Acacia sp.,Unknown acacia,Fabaceae,"
  Non-Native : ?
    
  "
25,http://www.starrenvironmental.com/images/species/?q=Acaciella+angustissima,Acaciella angustissima,Prairie acacia,Fabaceae,"
  Non-Native : Cultivated
    
      Also known as Acacia angustissima
"
26,http://www.starrenvironmental.com/images/species/?q=Acalypha+hispida,Acalypha hispida,"Chenille plant, red hot cattail",Euphorbiaceae,"
  Non-Native : Cultivated
    
  "
27,http://www.starrenvironmental.com/images/species/?q=Acalypha+reptans,Acalypha reptans,Cat tail,Euphorbiaceae,"
  Non-Native : Cultivated
    
  "
28,http://www.starrenvironmental.com/images/species/?q=Acalypha+wilkesiana,Acalypha wilkesiana,"Copper leaf, beefsteak",Euphorbiaceae,"
  Non-Native : Cultivated
    
      Also known as Acalypha godseffiana and Acalypha amentacea subsp. wilkesiana.
"
29,http://www.starrenvironmental.com/images/species/?q=Acanthocereus+tetragonus,Acanthocereus tetragonus,Barbed wire cereus,Cactaceae,"
  Non-Native : Cultivated
    
  "
30,http://www.starrenvironmental.com/images/species/?q=Acanthospermum+australe,Acanthospermum australe,"Spiny-bur, Paraguay bur, ihi kukae hipa, pipili",Asteraceae,"
  Non-Native : Naturalized
    
  "
31,http://www.starrenvironmental.com/images/species/?q=Acanthospermum+hispidum,Acanthospermum hispidum,Bristly starbur,Asteraceae,"
  Non-Native : Naturalized
    
  "
32,http://www.starrenvironmental.com/images/species/?q=Acca+sellowiana,Acca sellowiana,Pineapple guava,Myrtaceae,"
  Non-Native : Cultivated
    
      Also known as Feijoa sellowiana.
"
33,http://www.starrenvironmental.com/images/species/?q=Acer+buergerianum,Acer buergerianum,Trident maple,Sapindaceae,"
  Non-Native : Cultivated
    
      Also placed in Aceraceae.
"
34,http://www.starrenvironmental.com/images/species/?q=Acer+palmatum,Acer palmatum,Japanese maple,Sapindaceae,"
  Non-Native : Cultivated
    
      Also placed in Aceraceae.
"
35,http://www.starrenvironmental.com/images/species/?q=Acer+sp.,Acer sp.,Maple,Sapindaceae,"
  Non-Native : Cultivated
    
      Also placed in Aceraceae.
"
36,http://www.starrenvironmental.com/images/species/?q=Achillea+millefolium,Achillea millefolium,"Common yarrow, milfoil",Asteraceae,"
  Non-Native : Naturalized
    
  "
37,http://www.starrenvironmental.com/images/species/?q=Achyranthes+aspera+var.+aspera,Achyranthes aspera var. aspera,"Prickly achyranthes, devil's horsewhip",Amaranthaceae,"
  Non-Native : Naturalized
    
  "
38,http://www.starrenvironmental.com/images/species/?q=Achyranthes+mutica,Achyranthes mutica,Achyranthes,Amaranthaceae,"
  Native : Endemic
    
  "
39,http://www.starrenvironmental.com/images/species/?q=Achyranthes+splendens+var.+splendens,Achyranthes splendens var. splendens,Achyranthes,Amaranthaceae,"
  Native : Endemic
    
  "
40,http://www.starrenvironmental.com/images/species/?q=Acmella+oleracea,Acmella oleracea,"Spilanthes, toothache plant, jambu",Asteraceae,"
  Non-Native : Cultivated
    
      Also known as Spilanthes oleracea.
"
41,http://www.starrenvironmental.com/images/species/?q=Acoelorrhaphe+wrightii,Acoelorrhaphe wrightii,Saw palmetto,Arecaceae,"
  Non-Native : Cultivated
    
  "
42,http://www.starrenvironmental.com/images/species/?q=Acorus+sp.,Acorus sp.,Sweet flag,Araceae,"
  Non-Native : Cultivated
    
  "
43,http://www.starrenvironmental.com/images/species/?q=Acrostichum+sp.,Acrostichum sp.,Giant leather fern,Pteridaceae,"
  Non-Native : Cultivated
    
  "
44,http://www.starrenvironmental.com/images/species/?q=Actinidia+deliciosa,Actinidia deliciosa,"Kiwi fruit, Chinese gooseberry",Actinidiaceae,"
  Non-Native : Cultivated
    
  "
45,http://www.starrenvironmental.com/images/species/?q=Adansonia+digitata,Adansonia digitata,"Boabab, bottle tree, dead rat tree",Bombacaceae,"
  Non-Native : Cultivated
    
  "
46,http://www.starrenvironmental.com/images/species/?q=Adansonia+madagascariensis,Adansonia madagascariensis,Baobab,Bombacaceae,"
  Non-Native : Cultivated
    
      Also placed in Malvaceae.
"
47,http://www.starrenvironmental.com/images/species/?q=Adenanthera+pavonina,Adenanthera pavonina,"Red sandalwood, false wiliwili",Fabaceae,"
  Non-Native : Naturalized
    
  "
48,http://www.starrenvironmental.com/images/species/?q=Adenium+obesum,Adenium obesum,"Desert rose, mock azalea",Apocynaceae,"
  Non-Native : Cultivated
    
  "
49,http://www.starrenvironmental.com/images/species/?q=Adenophorus+pinnatifidus,Adenophorus pinnatifidus,Adenophorus,Polypodiaceae,"
  Native : Endemic
    
      Also placed in Grammitidaceae.
"
50,http://www.starrenvironmental.com/images/species/?q=Adenophorus+pinnatifidus+var.+pinnatifidus,Adenophorus pinnatifidus var. pinnatifidus,Wahine noho mauna,Polypodiaceae,"
  Native : Endemic
    
      Also placed in Grammitidaceae.
"
51,http://www.starrenvironmental.com/images/species/?q=Adenophorus+tamariscinus,Adenophorus tamariscinus,Wahine noho mauna,Polypodiaceae,"
  Native : Endemic
    
      Also placed in Grammitidaceae.
"
52,http://www.starrenvironmental.com/images/species/?q=Adenophorus+tenellus,Adenophorus tenellus,"Kolokolo, mahinalua",Polypodiaceae,"
  Native : Endemic
    
      Also known as Grammitis tenella. Small, ephiphytic. Dense mats. Narrow, linear fronds, with irregularly scattered sori that are often large and extend beyond the blade margins. Sori not as uniformly arranged as in Lepisorus.
"
53,http://www.starrenvironmental.com/images/species/?q=Adiantum+hispidulum,Adiantum hispidulum,Rough maidenhair fern,Pteridaceae,"
  Non-Native : Naturalized
    
  "
54,http://www.starrenvironmental.com/images/species/?q=Adiantum+raddianum,Adiantum raddianum,Maidenhair fern,Pteridaceae,"
  Non-Native : Naturalized
    
  "
55,http://www.starrenvironmental.com/images/species/?q=Adiantum+sp.,Adiantum sp.,Maidenhair fern,Pteridaceae,"
  Non-Native : Naturalized
    
  "
56,http://www.starrenvironmental.com/images/species/?q=Adiantum+tenerum,Adiantum tenerum,Fan maidenhair,Pteridaceae,"
  Non-Native : Cultivated
    
  "
57,http://www.starrenvironmental.com/images/species/?q=Adiantum+trapeziforme,Adiantum trapeziforme,Diamond maidenhair,Pteridaceae,"
  Non-Native : Cultivated
    
  "
58,http://www.starrenvironmental.com/images/species/?q=Aechmea+blanchetiana,Aechmea blanchetiana,Bromeliad,Bromeliaceae,"
  Non-Native : Cultivated
    
  "
59,http://www.starrenvironmental.com/images/species/?q=Aechmea+fasciata,Aechmea fasciata,"Silver vase, urn plant",Bromeliaceae,"
  Non-Native : Cultivated
    
  "
60,http://www.starrenvironmental.com/images/species/?q=Aechmea+lueddemanniana,Aechmea lueddemanniana,Bromeliad,Bromeliaceae,"
  Non-Native : Cultivated
    
  "
61,http://www.starrenvironmental.com/images/species/?q=Aechmea+sp.,Aechmea sp.,Aechmea,Bromeliaceae,"
  Non-Native : Cultivated
    
  "
62,http://www.starrenvironmental.com/images/species/?q=Aechmea+victoriana+var.+discolor,Aechmea victoriana var. discolor,Aechmea,Bromeliaceae,"
  Non-Native : Cultivated
    
  "
63,http://www.starrenvironmental.com/images/species/?q=Aegle+marmelos,Aegle marmelos,"Bael, Bengal quince, stone apple",Rutaceae,"
  Non-Native : Cultivated
    
  "
64,http://www.starrenvironmental.com/images/species/?q=Aeonium+arboreum,Aeonium arboreum,Tree aeonium,Crassulaceae,"
  Non-Native : Cultivated
    
  "
65,http://www.starrenvironmental.com/images/species/?q=Aeonium+sp.,Aeonium sp.,Aeonium,Crassulaceae,"
  Non-Native : Cultivated
    
  "
66,http://www.starrenvironmental.com/images/species/?q=Aeschynanthus+pulcher,Aeschynanthus pulcher,"Lipstick plant, scarlet basket vine",Gesneriaceae,"
  Non-Native : Cultivated
    
  "
67,http://www.starrenvironmental.com/images/species/?q=Aeschynanthus+speciosus,Aeschynanthus speciosus,"Lipstick plant, basket plant",Gesneriaceae,"
  Non-Native : Cultivated
    
  "
68,http://www.starrenvironmental.com/images/species/?q=Afrocarpus+falcatus,Afrocarpus falcatus,"Sickle leaved yellowwood, Outeniqua yellowwood",Podocarpaceae,"
  Non-Native : Cultivated
    
  "
69,http://www.starrenvironmental.com/images/species/?q=Agapanthus+praecox+subsp.+orientalis,Agapanthus praecox subsp. orientalis,Lily of the Nile,Liliaceae,"
  Non-Native : Naturalized
    
  "
70,http://www.starrenvironmental.com/images/species/?q=Agapanthus+sp.,Agapanthus sp.,Lily of the Nile,Liliaceae,"
  Non-Native : Naturalized
    
  "
71,http://www.starrenvironmental.com/images/species/?q=Agastache+foeniculum,Agastache foeniculum,"Anise hyssop, licorice mint",Lamiaceae,"
  Non-Native : Cultivated
    
  "
72,http://www.starrenvironmental.com/images/species/?q=Agathis+robusta,Agathis robusta,Queensland kauri,Araucariaceae,"
  Non-Native : Cultivated
    
  "
73,http://www.starrenvironmental.com/images/species/?q=Agave+americana,Agave americana,Century plant,Asparagaceae,"
  Non-Native : Cultivated
    
      Also placed in Agavaceae.
"
74,http://www.starrenvironmental.com/images/species/?q=Agave+angustifolia,Agave angustifolia,Caribbean agave,Asparagaceae,"
  Non-Native : Cultivated
    
      Also known as Agave vivipera.  Also placed in Agavaceae.
"
75,http://www.starrenvironmental.com/images/species/?q=Agave+attenuata,Agave attenuata,Swan's neck agave,Asparagaceae,"
  Non-Native : Cultivated
    
      Also placed in Agavaceae.
"
76,http://www.starrenvironmental.com/images/species/?q=Agave+filifera,Agave filifera,Thread leaf agave,Asparagaceae,"
  Non-Native : Cultivated
    
      Could also be Agave schidigera.  Also placed in Agavaceae.
"
77,http://www.starrenvironmental.com/images/species/?q=Agave+guiengola,Agave guiengola,Agave,Asparagaceae,"
  Non-Native : Cultivated
    
      Also placed in Agavaceae.
"
78,http://www.starrenvironmental.com/images/species/?q=Agave+potatorum,Agave potatorum,Agave,Asparagaceae,"
  Non-Native : Cultivated
    
      Also placed in Agavaceae.
"
79,http://www.starrenvironmental.com/images/species/?q=Agave+sisalana,Agave sisalana,Sisal,Asparagaceae,"
  Non-Native : Naturalized
    
      Also placed in Agavaceae.
"
80,http://www.starrenvironmental.com/images/species/?q=Agave+sp.,Agave sp.,Agave,Asparagaceae,"
  Non-Native : Cultivated
    
      Also placed in Agavaceae.
"
81,http://www.starrenvironmental.com/images/species/?q=Agave+stricta,Agave stricta,Hedgehog agave,Asparagaceae,"
  Non-Native : Cultivated
    
      Also placed in Agavaceae.
"
82,http://www.starrenvironmental.com/images/species/?q=Agave+tequilana,Agave tequilana,"Blue agave, tequila agave",Asparagaceae,"
  Non-Native : Cultivated
    
      Also placed in Agavaceae.
"
83,http://www.starrenvironmental.com/images/species/?q=Agave+utahensis,Agave utahensis,Utah agave,Asparagaceae,"
  Non-Native : Cultivated
    
      Also placed in Agavaceae.
"
84,http://www.starrenvironmental.com/images/species/?q=Agave+vilmoriniana,Agave vilmoriniana,Octopus agave,Asparagaceae,"
  Non-Native : Cultivated
    
      Also placed in Agavaceae.
"
85,http://www.starrenvironmental.com/images/species/?q=Ageratina+adenophora,Ageratina adenophora,"Maui pamakani, pamakani haole",Asteraceae,"
  Non-Native : Naturalized
    
  "
86,http://www.starrenvironmental.com/images/species/?q=Ageratina+riparia,Ageratina riparia,"Hamakua pamakani, spreading mist flower",Asteraceae,"
  Non-Native : Naturalized
    
  "
87,http://www.starrenvironmental.com/images/species/?q=Ageratum+conyzoides,Ageratum conyzoides,"Maile honohono, billygoat weed",Asteraceae,"
  Non-Native : Naturalized
    
  "
88,http://www.starrenvironmental.com/images/species/?q=Ageratum+houstonianum,Ageratum houstonianum,"Maile honohono, maile kula",Asteraceae,"
  Non-Native : Naturalized
    
  "
89,http://www.starrenvironmental.com/images/species/?q=Aglaia+odorata,Aglaia odorata,"Chinese rice flower, mei sui lan",Meliaceae,"
  Non-Native : Cultivated
    
  "
90,http://www.starrenvironmental.com/images/species/?q=Aglaia+saltatorum,Aglaia saltatorum,Langakali,Meliaceae,"
  Non-Native : Cultivated
    
  "
91,http://www.starrenvironmental.com/images/species/?q=Aglaonema+commutatum,Aglaonema commutatum,Chinese evergreen,Araceae,"
  Non-Native : Cultivated
    
  "
92,http://www.starrenvironmental.com/images/species/?q=Aglaonema+sp.,Aglaonema sp.,Aglaonema,Araceae,"
  Non-Native : Cultivated
    
  "
93,http://www.starrenvironmental.com/images/species/?q=Agonis+flexuosa,Agonis flexuosa,"Willow myrtle, Western Australia peppermint tree",Myrtaceae,"
  Non-Native : Cultivated
    
  "
94,http://www.starrenvironmental.com/images/species/?q=Agrostis+sandwicensis,Agrostis sandwicensis,Bentgrass,Poaceae,"
  Native : Endemic
    
  "
95,http://www.starrenvironmental.com/images/species/?q=Agrostis+stolonifera,Agrostis stolonifera,Creeping bentgrass,Poaceae,"
  Non-Native : Naturalized
    
  "
96,http://www.starrenvironmental.com/images/species/?q=Aiphanes+sp.,Aiphanes sp.,Aiphanes palm,Arecaceae,"
  Non-Native : Cultivated
    
  "
97,http://www.starrenvironmental.com/images/species/?q=Aira+caryophyllea,Aira caryophyllea,Silver hairgrass,Poaceae,"
  Non-Native : Naturalized
    
  "
98,http://www.starrenvironmental.com/images/species/?q=Ajania+pacifica,Ajania pacifica,Pacific chrysanthemum,Asteraceae,"
  Non-Native : Cultivated
    
      Also known as Chrysanthemum pacificum and Leucanthemum pacificum.
"
99,http://www.starrenvironmental.com/images/species/?q=Ajuga+reptans,Ajuga reptans,"Bugleweed, carpet bugleweed",Lamiaceae,"
  Non-Native : Cultivated
    
  "
100,http://www.starrenvironmental.com/images/species/?q=Albizia+lebbeck,Albizia lebbeck,Siris tree,Fabaceae,"
  Non-Native : Naturalized
    
  "
101,http://www.starrenvironmental.com/images/species/?q=Albizia+zygia,Albizia zygia,Albizia,Fabaceae,"
  Non-Native : Cultivated
    
  "
102,http://www.starrenvironmental.com/images/species/?q=Alectryon+macrococcus+var.+auwahiensis,Alectryon macrococcus var. auwahiensis,Mahoe,Sapindaceae,"
  Native : Endemic
    
  "
103,http://www.starrenvironmental.com/images/species/?q=Alectryon+macrococcus+var.+macrococcus,Alectryon macrococcus var. macrococcus,Mahoe,Sapindaceae,"
  Native : Endemic
    
  "
104,http://www.starrenvironmental.com/images/species/?q=Aleurites+moluccana,Aleurites moluccana,"Kukui, kukui nut",Euphorbiaceae,"
  Non-Native : Polynesian
    
      Also known as Aleurites moluccanus.
"
105,http://www.starrenvironmental.com/images/species/?q=Allamanda+blanchetii,Allamanda blanchetii,Purple allamanda,Apocynaceae,"
  Non-Native : Cultivated
    
      Also known as Allamanda violacea.
"
106,http://www.starrenvironmental.com/images/species/?q=Allamanda+cathartica,Allamanda cathartica,Yellow allamanda,Apocynaceae,"
  Non-Native : Cultivated
    
  "
107,http://www.starrenvironmental.com/images/species/?q=Allamanda+schottii,Allamanda schottii,Bush allamanda,Apocynaceae,"
  Non-Native : Cultivated
    
      Also known as Allamanda neriifolia
"
108,http://www.starrenvironmental.com/images/species/?q=Allium+ampeloprasum,Allium ampeloprasum,Leeks,Liliaceae,"
  Non-Native : Cultivated
    
  "
109,http://www.starrenvironmental.com/images/species/?q=Allium+ampeloprasum+var.+ampeloprasum,Allium ampeloprasum var. ampeloprasum,Elephant garlic,Liliaceae,"
  Non-Native : Cultivated
    
  "
110,http://www.starrenvironmental.com/images/species/?q=Allium+cepa,Allium cepa,Onion,Liliaceae,"
  Non-Native : Cultivated
    
  "
111,http://www.starrenvironmental.com/images/species/?q=Allium+fistulosum,Allium fistulosum,"Green onion, bunching onion",Liliaceae,"
  Non-Native : Cultivated
    
  "
112,http://www.starrenvironmental.com/images/species/?q=Allium+sativum,Allium sativum,Garlic,Liliaceae,"
  Non-Native : Cultivated
    
  "
113,http://www.starrenvironmental.com/images/species/?q=Allium+schoenoprasum,Allium schoenoprasum,Chives,Liliaceae,"
  Non-Native : Cultivated
    
  "
114,http://www.starrenvironmental.com/images/species/?q=Allium+tuberosum,Allium tuberosum,"Garlic chives, Chinese chives",Liliaceae,"
  Non-Native : Cultivated
    
  "
115,http://www.starrenvironmental.com/images/species/?q=Alluaudia+humbertii,Alluaudia humbertii,Alluaudia,Didiereaceae,"
  Non-Native : Cultivated
    
  "
116,http://www.starrenvironmental.com/images/species/?q=Alocasia+macrorrhizos,Alocasia macrorrhizos,Ape,Araceae,"
  Non-Native : Polynesian
    
      Also known as Alocasia macrorrhiza.
"
117,http://www.starrenvironmental.com/images/species/?q=Alocasia+micholitziana,Alocasia micholitziana,African mask,Araceae,"
  Non-Native : Cultivated
    
  "
118,http://www.starrenvironmental.com/images/species/?q=Alocasia+odora,Alocasia odora,Giant upright elephant ear,Araceae,"
  Non-Native : Cultivated
    
  "
119,http://www.starrenvironmental.com/images/species/?q=Alocasia+plumbea,Alocasia plumbea,"Elephant ear, metallic taro",Araceae,"
  Non-Native : Cultivated
    
  "
120,http://www.starrenvironmental.com/images/species/?q=Alocasia+reginula,Alocasia reginula,Black velvet taro,Araceae,"
  Non-Native : Cultivated
    
  "
121,http://www.starrenvironmental.com/images/species/?q=Alocasia+sp.,Alocasia sp.,Alocasia,Araceae,"
  Non-Native : Cultivated
    
  "
122,http://www.starrenvironmental.com/images/species/?q=Alocasia+x+amazonica,Alocasia x amazonica,"African mask, Amazon elephant ear",Araceae,"
  Non-Native : Cultivated
    
  "
123,http://www.starrenvironmental.com/images/species/?q=Alocasia+zebrina,Alocasia zebrina,Alocasia,Araceae,"
  Non-Native : Cultivated
    
  "
124,http://www.starrenvironmental.com/images/species/?q=Aloe+arborescens,Aloe arborescens,Shrub aloe,Xanthorrhoeaceae,"
  Non-Native : Cultivated
    
      Also placed in Aloeaceae and Asphodelaceae.
"
125,http://www.starrenvironmental.com/images/species/?q=Aloe+barberae,Aloe barberae,Tree aloe,Xanthorrhoeaceae,"
  Non-Native : Cultivated
    
      Also placed in Aloeaceae and Asphodelaceae.
"
126,http://www.starrenvironmental.com/images/species/?q=Aloe+ciliaris,Aloe ciliaris,Climbing aloe,Xanthorrhoeaceae,"
  Non-Native : Cultivated
    
      Also placed in Aloeaceae and Asphodelaceae.
"
127,http://www.starrenvironmental.com/images/species/?q=Aloe+congolensis,Aloe congolensis,Tiger tooth aloe,Xanthorrhoeaceae,"
  Non-Native : Cultivated
    
      Also placed in Aloeaceae and Asphodelaceae.
"
128,http://www.starrenvironmental.com/images/species/?q=Aloe+humilis,Aloe humilis,"Hedgehog aloe, spider aloe, crocofile jaws",Xanthorrhoeaceae,"
  Non-Native : Cultivated
    
      Also placed in Aloeaceae and Asphodelaceae.
"
129,http://www.starrenvironmental.com/images/species/?q=Aloe+juvenna,Aloe juvenna,Aloe,Xanthorrhoeaceae,"
  Non-Native : Cultivated
    
      Also placed in Aloeaceae and Asphodelaceae.
"
130,http://www.starrenvironmental.com/images/species/?q=Aloe+massawana,Aloe massawana,Aloe,Xanthorrhoeaceae,"
  Non-Native : Cultivated
    
      Also placed in Aloeaceae and Asphodelaceae.
"
131,http://www.starrenvironmental.com/images/species/?q=Aloe+plicatilis,Aloe plicatilis,Fan aloe,Xanthorrhoeaceae,"
  Non-Native : Cultivated
    
      Also placed in Aloeaceae and Asphodelaceae.
"
132,http://www.starrenvironmental.com/images/species/?q=Aloe+rauhii,Aloe rauhii,Snowflake aloe,Xanthorrhoeaceae,"
  Non-Native : Cultivated
    
      Also placed in Aloeaceae and Asphodelaceae.
"
133,http://www.starrenvironmental.com/images/species/?q=Aloe+sp.,Aloe sp.,Unknown aloe,Xanthorrhoeaceae,"
  Non-Native : Cultivated
    
      Also placed in Aloeaceae and Asphodelaceae.
"
134,http://www.starrenvironmental.com/images/species/?q=Aloe+squarrosa,Aloe squarrosa,Aloe,Xanthorrhoeaceae,"
  Non-Native : Cultivated
    
      Also placed in Aloeaceae and Asphodelaceae.
"
135,http://www.starrenvironmental.com/images/species/?q=Aloe+succotrina,Aloe succotrina,Fynbos aloe,Xanthorrhoeaceae,"
  Non-Native : Cultivated
    
      Also placed in Aloeaceae and Asphodelaceae.
"
136,http://www.starrenvironmental.com/images/species/?q=Aloe+vera,Aloe vera,"Aloe, aloe vera, common aloe",Xanthorrhoeaceae,"
  Non-Native : Naturalized
    
      Also placed in Aloeaceae and Asphodelaceae.
"
137,http://www.starrenvironmental.com/images/species/?q=Aloysia+citrodora,Aloysia citrodora,"Lemon verbena, lemon beebrush",Verbenaceae,"
  Non-Native : Cultivated
    
      Also known as Aloysia citriodora and Aloysia triphylla.
"
138,http://www.starrenvironmental.com/images/species/?q=Alphitonia+ponderosa,Alphitonia ponderosa,Kauila,Rhamnaceae,"
  Native : Endemic
    
  "
139,http://www.starrenvironmental.com/images/species/?q=Alpinia+calcarata,Alpinia calcarata,Miniature ginger,Zingiberaceae,"
  Non-Native : Cultivated
    
  "
140,http://www.starrenvironmental.com/images/species/?q=Alpinia+galanga,Alpinia galanga,"Thai ginger, greater galangal",Zingiberaceae,"
  Non-Native : Cultivated
    
  "
141,http://www.starrenvironmental.com/images/species/?q=Alpinia+luteocarpa,Alpinia luteocarpa,Red bamboo ginger,Zingiberaceae,"
  Non-Native : Cultivated
    
  "
142,http://www.starrenvironmental.com/images/species/?q=Alpinia+mutica,Alpinia mutica,Small shell ginger,Zingiberaceae,"
  Non-Native : Naturalized
    
  "
143,http://www.starrenvironmental.com/images/species/?q=Alpinia+purpurata,Alpinia purpurata,"Red ginger, pink ginger",Zingiberaceae,"
  Non-Native : Naturalized
    
  "
144,http://www.starrenvironmental.com/images/species/?q=Alpinia+rugosa,Alpinia rugosa,Ginger,Zingiberaceae,"
  Non-Native : Cultivated
    
  "
145,http://www.starrenvironmental.com/images/species/?q=Alpinia+zerumbet,Alpinia zerumbet,Shell ginger,Zingiberaceae,"
  Non-Native : Naturalized
    
  "
146,http://www.starrenvironmental.com/images/species/?q=Alstonia+macrophylla,Alstonia macrophylla,Deviltree,Apocynaceae,"
  Non-Native : Naturalized
    
  "
147,http://www.starrenvironmental.com/images/species/?q=Alstroemeria+sp.,Alstroemeria sp.,Peruvian lily,Liliaceae,"
  Non-Native : Cultivated
    
  "
148,http://www.starrenvironmental.com/images/species/?q=Alternanthera+brasiliana,Alternanthera brasiliana,"Ruby leaf, black night, upright calico plant",Amaranthaceae,"
  Non-Native : Cultivated
    
      Also known as Alternanthera dentata.
"
149,http://www.starrenvironmental.com/images/species/?q=Alternanthera+caracasana,Alternanthera caracasana,Mat chaff flower,Amaranthaceae,"
  Non-Native : Naturalized
    
  "
150,http://www.starrenvironmental.com/images/species/?q=Alternanthera+porrigens,Alternanthera porrigens,Dwarf bozu,Amaranthaceae,"
  Non-Native : Cultivated
    
  "
151,http://www.starrenvironmental.com/images/species/?q=Alternanthera+pungens,Alternanthera pungens,Khaki weed,Amaranthaceae,"
  Non-Native : Naturalized
    
  "
152,http://www.starrenvironmental.com/images/species/?q=Alternanthera+sessilis,Alternanthera sessilis,Sessile joyweed,Amaranthaceae,"
  Non-Native : Naturalized
    
  "
153,http://www.starrenvironmental.com/images/species/?q=Alternanthera+sp.,Alternanthera sp.,Unknown alternanthera,Amaranthaceae,"
  Non-Native : Naturalized
    
  "
154,http://www.starrenvironmental.com/images/species/?q=Alternanthera+tenella,Alternanthera tenella,Joy weed,Amaranthaceae,"
  Non-Native : Naturalized
    
      Also known as Alternanthera ficoidea.
"
155,http://www.starrenvironmental.com/images/species/?q=Alysicarpus+vaginalis,Alysicarpus vaginalis,Alyce clover,Fabaceae,"
  Non-Native : Naturalized
    
  "
156,http://www.starrenvironmental.com/images/species/?q=Alyxia+stellata,Alyxia stellata,Maile,Apocynaceae,"
  Native : Indigenous
    
      Hawaii material previously known as Alyxia oliviformis.
"
157,http://www.starrenvironmental.com/images/species/?q=Amaranthus+brownii,Amaranthus brownii,Nihoa amaranth,Amaranthaceae,"
  Native : Endemic
    
  "
158,http://www.starrenvironmental.com/images/species/?q=Amaranthus+dubius,Amaranthus dubius,Spleen amaranth,Amaranthaceae,"
  Non-Native : Naturalized
    
  "
159,http://www.starrenvironmental.com/images/species/?q=Amaranthus+hybridus,Amaranthus hybridus,Green amaranth,Amaranthaceae,"
  Non-Native : Naturalized
    
  "
160,http://www.starrenvironmental.com/images/species/?q=Amaranthus+palmeri,Amaranthus palmeri,Palmer's amaranth,Amaranthaceae,"
  Non-Native : Naturalized
    
  "
161,http://www.starrenvironmental.com/images/species/?q=Amaranthus+sp.,Amaranthus sp.,Amaranth,Amaranthaceae,"
  Non-Native : Cultivated
    
  "
162,http://www.starrenvironmental.com/images/species/?q=Amaranthus+spinosus,Amaranthus spinosus,"Spiny amaranth, pakai kuku",Amaranthaceae,"
  Non-Native : Naturalized
    
  "
163,http://www.starrenvironmental.com/images/species/?q=Amaranthus+tricolor,Amaranthus tricolor,"Een choy, Chinese spinach, Joseph's coat",Amaranthaceae,"
  Non-Native : Cultivated
    
  "
164,http://www.starrenvironmental.com/images/species/?q=Amaranthus+viridis,Amaranthus viridis,"Slender amaranth, aheahea, pakapakai",Amaranthaceae,"
  Non-Native : Naturalized
    
  "
165,http://www.starrenvironmental.com/images/species/?q=Amarcrinum+howardii,Amarcrinum howardii,Amarcrinum,Liliaceae,"
  Non-Native : Cultivated
    
  "
166,http://www.starrenvironmental.com/images/species/?q=Amaryllis+belladonna,Amaryllis belladonna,Belladonna amaryllis,Amaryllidaceae,"
  Non-Native : Cultivated
    
  "
167,http://www.starrenvironmental.com/images/species/?q=Amauropelta+globulifera,Amauropelta globulifera,Palapalai a Kamapuaa,Thelypteridaceae,"
  Native : Endemic
    
      Recognized by gradual reduction in size of many lower pinnae until the most basal pairs are only small tags.
"
168,http://www.starrenvironmental.com/images/species/?q=Ambrosia+artemisiifolia,Ambrosia artemisiifolia,Ambrosia,Asteraceae,"
  Non-Native : Naturalized
    
  "
169,http://www.starrenvironmental.com/images/species/?q=Amherstia+nobilis,Amherstia nobilis,Pride of Burma,Fabaceae,"
  Non-Native : Cultivated
    
  "
170,http://www.starrenvironmental.com/images/species/?q=Ammannia+coccinea,Ammannia coccinea,Valley redstem,Lythraceae,"
  Non-Native : Naturalized
    
  "
171,http://www.starrenvironmental.com/images/species/?q=Amorphophallus+titanum,Amorphophallus titanum,Titan arum,Araceae,"
  Non-Native : Cultivated
    
  "
172,http://www.starrenvironmental.com/images/species/?q=Anacardium+occidentale,Anacardium occidentale,Cashew,Anacardiaceae,"
  Non-Native : Cultivated
    
  "
173,http://www.starrenvironmental.com/images/species/?q=Anadenanthera+colubrina,Anadenanthera colubrina,"Vika, huilco, wilco, cebil, angico",Fabaceae,"
  Non-Native : Cultivated
    
  "
174,http://www.starrenvironmental.com/images/species/?q=Anagallis+arvensis,Anagallis arvensis,Scarlet pimpernel,Primulaceae,"
  Non-Native : Naturalized
    
      Also placed in Myrsinaceae. Also known as Lysimachia arvensis.
"
175,http://www.starrenvironmental.com/images/species/?q=Ananas+ananassoides,Ananas ananassoides,Cerrado pineapple,Bromeliaceae,"
  Non-Native : Cultivated
    
  "
176,http://www.starrenvironmental.com/images/species/?q=Ananas+bracteatus,Ananas bracteatus,Red pineapple,Bromeliaceae,"
  Non-Native : Cultivated
    
  "
177,http://www.starrenvironmental.com/images/species/?q=Ananas+comosus,Ananas comosus,Pineapple,Bromeliaceae,"
  Non-Native : Cultivated
    
  "
178,http://www.starrenvironmental.com/images/species/?q=Ananas+nanus,Ananas nanus,"Pink pineapple, dwarf pineapple",Bromeliaceae,"
  Non-Native : Cultivated
    
  "
179,http://www.starrenvironmental.com/images/species/?q=Andropogon+bicornis,Andropogon bicornis,Barbas de indio,Poaceae,"
  Non-Native : Naturalized
    
  "
180,http://www.starrenvironmental.com/images/species/?q=Andropogon+glomeratus,Andropogon glomeratus,Bushy bluestem,Poaceae,"
  Non-Native : Naturalized
    
  "
181,http://www.starrenvironmental.com/images/species/?q=Andropogon+glomeratus+var.+pumilus,Andropogon glomeratus var. pumilus,Bushy bluestem,Poaceae,"
  Non-Native : Naturalized
    
  "
182,http://www.starrenvironmental.com/images/species/?q=Andropogon+virginicus,Andropogon virginicus,Broomsedge,Poaceae,"
  Non-Native : Naturalized
    
  "
183,http://www.starrenvironmental.com/images/species/?q=Anemone+hupehensis,Anemone hupehensis,Japanese anemone,Ranunculaceae,"
  Non-Native : Naturalized
    
  "
184,http://www.starrenvironmental.com/images/species/?q=Anethum+graveolens,Anethum graveolens,Dill weed,Apiaceae,"
  Non-Native : Naturalized
    
  "
185,http://www.starrenvironmental.com/images/species/?q=Angelonia+angustifolia,Angelonia angustifolia,Narrowleaf angelon,Scrophulariaceae,"
  Non-Native : Cultivated
    
  "
186,http://www.starrenvironmental.com/images/species/?q=Angelonia+salicariifolia,Angelonia salicariifolia,Angelonia,Scrophulariaceae,"
  Non-Native : Cultivated
    
      Also known as Angelonia salicariaefolia.
"
187,http://www.starrenvironmental.com/images/species/?q=Angiopteris+evecta,Angiopteris evecta,Mule's-foot fern,Marattiaceae,"
  Non-Native : Naturalized
    
  "
188,http://www.starrenvironmental.com/images/species/?q=Angophora+costata,Angophora costata,Gum myrtle,Myrtaceae,"
  Non-Native : Naturalized
    
      Also known as Angophora lanceolata.
"
189,http://www.starrenvironmental.com/images/species/?q=Angraecum+eburneum,Angraecum eburneum,Angraecum,Orchidaceae,"
  Non-Native : Cultivated
    
  "
190,http://www.starrenvironmental.com/images/species/?q=Anigozanthos+flavidus,Anigozanthos flavidus,Kangaroo paw,Haemodoraceae,"
  Non-Native : Cultivated
    
  "
191,http://www.starrenvironmental.com/images/species/?q=Annona+cherimola,Annona cherimola,"Cherimoya, custard apple",Annonaceae,"
  Non-Native : Naturalized
    
  "
192,http://www.starrenvironmental.com/images/species/?q=Annona+glabra,Annona glabra,Pond apple,Annonaceae,"
  Non-Native : Cultivated
    
  "
193,http://www.starrenvironmental.com/images/species/?q=Annona+muricata,Annona muricata,Soursop,Annonaceae,"
  Non-Native : Cultivated
    
  "
194,http://www.starrenvironmental.com/images/species/?q=Annona+reticulata,Annona reticulata,"Custard apple, bullock's heart",Annonaceae,"
  Non-Native : Cultivated
    
  "
195,http://www.starrenvironmental.com/images/species/?q=Annona+sp.,Annona sp.,Annona,Annonaceae,"
  Non-Native : Cultivated
    
  "
196,http://www.starrenvironmental.com/images/species/?q=Annona+squamosa,Annona squamosa,"Sugar apple, sweet sop, custard apple",Annonaceae,"
  Non-Native : Cultivated
    
  "
197,http://www.starrenvironmental.com/images/species/?q=Anoectochilus+sandvicensis,Anoectochilus sandvicensis,Jewel orchid,Orchidaceae,"
  Native : Endemic
    
  "
198,http://www.starrenvironmental.com/images/species/?q=Anredera+cordifolia,Anredera cordifolia,"Madeira vine, mignonette vine, uala hupe",Basellaceae,"
  Non-Native : Naturalized
    
  "
199,http://www.starrenvironmental.com/images/species/?q=Anthoxanthum+odoratum,Anthoxanthum odoratum,Sweet vernalgrass,Poaceae,"
  Non-Native : Naturalized
    
  "
200,http://www.starrenvironmental.com/images/species/?q=Anthurium+andraeanum,Anthurium andraeanum,Flamingo lily,Araceae,"
  Non-Native : Cultivated
    
  "
201,http://www.starrenvironmental.com/images/species/?q=Anthurium+hookeri,Anthurium hookeri,Bird's nest anthurium,Araceae,"
  Non-Native : Cultivated
    
  "
202,http://www.starrenvironmental.com/images/species/?q=Anthurium+plowmanii,Anthurium plowmanii,Anthruium,Araceae,"
  Non-Native : Cultivated
    
  "
203,http://www.starrenvironmental.com/images/species/?q=Anthurium+scherzerianum,Anthurium scherzerianum,Pigtail anthurium,Araceae,"
  Non-Native : Cultivated
    
  "
204,http://www.starrenvironmental.com/images/species/?q=Anthurium+sp.,Anthurium sp.,Anthurium,Araceae,"
  Non-Native : Cultivated
    
  "
205,http://www.starrenvironmental.com/images/species/?q=Anthurium+watermalieuse,Anthurium watermalieuse,Black anthurium,Araceae,"
  Non-Native : Cultivated
    
  "
206,http://www.starrenvironmental.com/images/species/?q=Antidesma+platyphyllum,Antidesma platyphyllum,Hame,Phyllanthaceae,"
  Native : Endemic
    
      Also placed in Euphorbiaceae.
"
207,http://www.starrenvironmental.com/images/species/?q=Antidesma+pulvinatum,Antidesma pulvinatum,Hame,Phyllanthaceae,"
  Native : Endemic
    
  "
208,http://www.starrenvironmental.com/images/species/?q=Antigonon+leptopus,Antigonon leptopus,Mexican creeper,Polygonaceae,"
  Non-Native : Naturalized
    
  "
209,http://www.starrenvironmental.com/images/species/?q=Antirrhinum+majus,Antirrhinum majus,Snapdragon,Plantaginaceae,"
  Non-Native : Cultivated
    
      Also placed in Scrophulariaceae.
"
210,http://www.starrenvironmental.com/images/species/?q=Antirrhinum+orontium,Antirrhinum orontium,Lesser snapdragon,Plantaginaceae,"
  Non-Native : Naturalized
    
      Also placed in Scrophulariaceae.
"
211,http://www.starrenvironmental.com/images/species/?q=Aphelandra+sinclairiana,Aphelandra sinclairiana,Coral aphelandra,Acanthaceae,"
  Non-Native : Cultivated
    
  "
212,http://www.starrenvironmental.com/images/species/?q=Apium+graveolens,Apium graveolens,"Wild celery, Chinese celery, khueu chai",Apiaceae,"
  Non-Native : Cultivated
    
  "
213,http://www.starrenvironmental.com/images/species/?q=Apium+graveolens+var.+dulce,Apium graveolens var. dulce,Celery,Apiaceae,"
  Non-Native : Cultivated
    
  "
214,http://www.starrenvironmental.com/images/species/?q=Aptenia+cordifolia,Aptenia cordifolia,Rock rose,Aizoaceae,"
  Non-Native : Cultivated
    
  "
215,http://www.starrenvironmental.com/images/species/?q=Arabidopsis+thaliana,Arabidopsis thaliana,Mouse-ear cress,Brassicaceae,"
  Non-Native : Naturalized
    
  "
216,http://www.starrenvironmental.com/images/species/?q=Arachis+hypogaea,Arachis hypogaea,Peanut,Fabaceae,"
  Non-Native : Cultivated
    
  "
217,http://www.starrenvironmental.com/images/species/?q=Arachis+pintoi,Arachis pintoi,"Golden glory, pinto peanut",Fabaceae,"
  Non-Native : Cultivated
    
  "
218,http://www.starrenvironmental.com/images/species/?q=Arachis+sp.,Arachis sp.,Ground peanut,Fabaceae,"
  Non-Native : Cultivated
    
  "
219,http://www.starrenvironmental.com/images/species/?q=Arachniodes+simplicior,Arachniodes simplicior,East Indian holly fern,Polypodiaceae,"
  Non-Native : Cultivated
    
  "
220,http://www.starrenvironmental.com/images/species/?q=Araucaria+bidwillii,Araucaria bidwillii,Bunya pine,Araucariaceae,"
  Non-Native : Cultivated
    
  "
221,http://www.starrenvironmental.com/images/species/?q=Araucaria+columnaris,Araucaria columnaris,Cook pine,Araucariaceae,"
  Non-Native : Naturalized
    
  "
222,http://www.starrenvironmental.com/images/species/?q=Araucaria+cunninghamii,Araucaria cunninghamii,"Moreton Bay pine, hoop pine",Araucariaceae,"
  Non-Native : Cultivated
    
  "
223,http://www.starrenvironmental.com/images/species/?q=Araucaria+heterophylla,Araucaria heterophylla,Norfolk Island pine,Araucariaceae,"
  Non-Native : Cultivated
    
  "
224,http://www.starrenvironmental.com/images/species/?q=Archontophoenix+alexandrae,Archontophoenix alexandrae,Alexander palm,Arecaceae,"
  Non-Native : Naturalized
    
  "
225,http://www.starrenvironmental.com/images/species/?q=Archontophoenix+cunninghamiana,Archontophoenix cunninghamiana,"King palm, bangalow palm, piccabeen palm",Arecaceae,"
  Non-Native : Cultivated
    
  "
226,http://www.starrenvironmental.com/images/species/?q=Archontophoenix+purpurea,Archontophoenix purpurea,Mount Lewis king palm,Arecaceae,"
  Non-Native : Cultivated
    
  "
227,http://www.starrenvironmental.com/images/species/?q=Archontophoenix+sp.,Archontophoenix sp.,Alexander palm,Arecaceae,"
  Non-Native : ?
    
  "
228,http://www.starrenvironmental.com/images/species/?q=Arctium+lappa,Arctium lappa,"Gobo, burdock",Asteraceae,"
  Non-Native : Cultivated
    
  "
229,http://www.starrenvironmental.com/images/species/?q=Arctotheca+calendula,Arctotheca calendula,Capeweed,Asteraceae,"
  Non-Native : Naturalized
    
  "
230,http://www.starrenvironmental.com/images/species/?q=Arctotis+sp.,Arctotis sp.,African daisy,Asteraceae,"
  Non-Native : Cultivated
    
  "
231,http://www.starrenvironmental.com/images/species/?q=Arctotis+stoechadifolia,Arctotis stoechadifolia,African daisy,Asteraceae,"
  Non-Native : Cultivated
    
  "
232,http://www.starrenvironmental.com/images/species/?q=Ardisia+crenata,Ardisia crenata,Hilo holly,Primulaceae,"
  Non-Native : Naturalized
    
      Also placed in Myrsinaceae.
"
233,http://www.starrenvironmental.com/images/species/?q=Ardisia+elliptica,Ardisia elliptica,"Shoebutton ardisia, inkberry",Primulaceae,"
  Non-Native : Naturalized
    
      Also placed in Myrsinaceae.
"
234,http://www.starrenvironmental.com/images/species/?q=Ardisia+escallonioides,Ardisia escallonioides,"Marlberry, dogberry",Primulaceae,"
  Non-Native : Cultivated
    
      Also placed in Myrsinaceae.
"
235,http://www.starrenvironmental.com/images/species/?q=Areca+catechu,Areca catechu,Betel nut palm,Arecaceae,"
  Non-Native : Cultivated
    
  "
236,http://www.starrenvironmental.com/images/species/?q=Areca+vestiaria,Areca vestiaria,"Orange crownshaft palm, pinang merah",Arecaceae,"
  Non-Native : Cultivated
    
  "
237,http://www.starrenvironmental.com/images/species/?q=Arenaria+serpyllifolia,Arenaria serpyllifolia,Thyme-leaved sandwort,Caryophyllaceae,"
  Non-Native : Naturalized
    
  "
238,http://www.starrenvironmental.com/images/species/?q=Arenga+tremula,Arenga tremula,Philippine dwarf sugar palm,Arecaceae,"
  Non-Native : Cultivated
    
  "
239,http://www.starrenvironmental.com/images/species/?q=Arenga+undulatifolia,Arenga undulatifolia,Aren Gelora,Arecaceae,"
  Non-Native : Cultivated
    
      Also known as Arenga ambong.
"
240,http://www.starrenvironmental.com/images/species/?q=Argemone+glauca,Argemone glauca,Pua kala,Papaveraceae,"
  Native : Endemic
    
  "
241,http://www.starrenvironmental.com/images/species/?q=Argemone+glauca+x+mexicana,Argemone glauca x mexicana,Pua kala hybrid,Papaveraceae,"
  ? : Naturalized
    
  "
242,http://www.starrenvironmental.com/images/species/?q=Argemone+mexicana,Argemone mexicana,Mexican poppy,Papaveraceae,"
  Non-Native : Naturalized
    
  "
243,http://www.starrenvironmental.com/images/species/?q=Argyranthemum+frutescens,Argyranthemum frutescens,"Paris daisy, Marguerite daisy",Asteraceae,"
  Non-Native : Cultivated
    
  "
244,http://www.starrenvironmental.com/images/species/?q=Argyranthemum+sp.,Argyranthemum sp.,Argyranthemum,Asteraceae,"
  Non-Native : Cultivated
    
  "
245,http://www.starrenvironmental.com/images/species/?q=Argyreia+nervosa,Argyreia nervosa,"Silver morning glory, baby wood rose",Convolvulaceae,"
  Non-Native : Naturalized
    
  "
246,http://www.starrenvironmental.com/images/species/?q=Argyroxiphium+caliginis,Argyroxiphium caliginis,Eke silversword,Asteraceae,"
  Native : Endemic
    
  "
247,http://www.starrenvironmental.com/images/species/?q=Argyroxiphium+grayanum,Argyroxiphium grayanum,Greensword,Asteraceae,"
  Native : Endemic
    
  "
248,http://www.starrenvironmental.com/images/species/?q=Argyroxiphium+kauense,Argyroxiphium kauense,"Ahinahina, Kau silversword",Asteraceae,"
  Native : Endemic
    
  "
249,http://www.starrenvironmental.com/images/species/?q=Argyroxiphium+sandwicense+subsp.+macrocephalum,Argyroxiphium sandwicense subsp. macrocephalum,"Ahinahina, Haleakala silversword",Asteraceae,"
  Native : Endemic
    
  "
250,http://www.starrenvironmental.com/images/species/?q=Argyroxiphium+sandwicense+subsp.+sandwicense,Argyroxiphium sandwicense subsp. sandwicense,"Ahinahina, Mauna Kea silversword",Asteraceae,"
  Native : Endemic
    
  "
251,http://www.starrenvironmental.com/images/species/?q=Argyroxiphium+sandwicense+x+virescens,Argyroxiphium sandwicense x virescens,Possible silversword hybrid,Asteraceae,"
  Native : Endemic
    
  "
252,http://www.starrenvironmental.com/images/species/?q=Argyroxiphium+x+Dubautia,Argyroxiphium x Dubautia,Silversword hybrid,Asteraceae,"
  Native : Endemic
    
  "
253,http://www.starrenvironmental.com/images/species/?q=Aristolochia+littoralis,Aristolochia littoralis,Calico flower,Aristolochiaceae,"
  Non-Native : Naturalized
    
  "
254,http://www.starrenvironmental.com/images/species/?q=Arrhenatherum+elatius,Arrhenatherum elatius,Arrhenatherum,Poaceae,"
  Non-Native : Naturalized
    
  "
255,http://www.starrenvironmental.com/images/species/?q=Artabotrys+hexapetalus,Artabotrys hexapetalus,Climbing ylang-ylang,Annonaceae,"
  Non-Native : Naturalized
    
      Also known as Atrabotrys uncinatus.
"
256,http://www.starrenvironmental.com/images/species/?q=Artemisia+australis,Artemisia australis,"Ahinahina, hinahina, hinahina kuahiwi",Asteraceae,"
  Native : Endemic
    
  "
257,http://www.starrenvironmental.com/images/species/?q=Artemisia+dracunculus,Artemisia dracunculus,French tarragon,Asteraceae,"
  Non-Native : Cultivated
    
  "
258,http://www.starrenvironmental.com/images/species/?q=Artemisia+mauiensis,Artemisia mauiensis,"Ahinahina, hinahina",Asteraceae,"
  Native : Endemic
    
  "
259,http://www.starrenvironmental.com/images/species/?q=Artemisia+mauiensis+var.+diffusa,Artemisia mauiensis var. diffusa,"Ahinahina, hinahina",Asteraceae,"
  Native : Endemic
    
  "
260,http://www.starrenvironmental.com/images/species/?q=Artemisia+sp.,Artemisia sp.,Artemisia,Asteraceae,"
  Non-Native : Cultivated
    
  "
261,http://www.starrenvironmental.com/images/species/?q=Artemisia+vulgaris,Artemisia vulgaris,Mugwort,Asteraceae,"
  Non-Native : Naturalized
    
  "
262,http://www.starrenvironmental.com/images/species/?q=Arthrostemma+ciliatum,Arthrostemma ciliatum,Arthrostema,Melastomataceae,"
  Non-Native : Naturalized
    
  "
263,http://www.starrenvironmental.com/images/species/?q=Artocarpus+altilis,Artocarpus altilis,"Ulu, breadfruit",Moraceae,"
  Non-Native : Cultivated
    
  "
264,http://www.starrenvironmental.com/images/species/?q=Artocarpus+heterophyllus,Artocarpus heterophyllus,Jackfruit,Moraceae,"
  Non-Native : Cultivated
    
  "
265,http://www.starrenvironmental.com/images/species/?q=Artocarpus+lingnanensis,Artocarpus lingnanensis,Kwai muk,Moraceae,"
  Non-Native : Cultivated
    
  "
266,http://www.starrenvironmental.com/images/species/?q=Artocarpus+nitidus+subsp.+lingnanensis,Artocarpus nitidus subsp. lingnanensis,Gui mu,Moraceae,"
  Non-Native : Cultivated
    
  "
267,http://www.starrenvironmental.com/images/species/?q=Artocarpus+odoratissimus,Artocarpus odoratissimus,Marang,Moraceae,"
  Non-Native : Cultivated
    
  "
268,http://www.starrenvironmental.com/images/species/?q=Artocarpus+sericicarpus,Artocarpus sericicarpus,"Pedalai, gomihan, gumihan",Moraceae,"
  Non-Native : Cultivated
    
  "
269,http://www.starrenvironmental.com/images/species/?q=Artocarpus+sp.,Artocarpus sp.,Artocarpus,Moraceae,"
  Non-Native : Cultivated
    
  "
270,http://www.starrenvironmental.com/images/species/?q=Arundina+graminifolia,Arundina graminifolia,Bamboo orchid,Orchidaceae,"
  Non-Native : Naturalized
    
  "
271,http://www.starrenvironmental.com/images/species/?q=Arundo+donax,Arundo donax,Giant reed,Poaceae,"
  Non-Native : Naturalized
    
  "
272,http://www.starrenvironmental.com/images/species/?q=Asclepias+curassavica,Asclepias curassavica,"Butterfly weed, bloodflower",Apocynaceae,"
  Non-Native : Naturalized
    
      Also placed in Asclepiadaceae.
"
273,http://www.starrenvironmental.com/images/species/?q=Asclepias+physocarpa,Asclepias physocarpa,Balloon plant,Apocynaceae,"
  Non-Native : Naturalized
    
      Also known as Gomphocarpus physocarpus.  Also placed in Asclepiadaceae.
"
274,http://www.starrenvironmental.com/images/species/?q=Asparagus+asparagoides,Asparagus asparagoides,"Smilax, bridal creeper",Asparagaceae,"
  Non-Native : Naturalized
    
      Also placed in Liliaceae.
"
275,http://www.starrenvironmental.com/images/species/?q=Asparagus+densiflorus,Asparagus densiflorus,"Asparagus fern, foxtail asparagus, sprengeri",Asparagaceae,"
  Non-Native : Naturalized
    
      Also known as A. myersii, A. myriocladis, and A. sprengeri.  Also placed in Liliaceae.
"
276,http://www.starrenvironmental.com/images/species/?q=Asparagus+macowanii,Asparagus macowanii,"Regal fern, ming fern, asparagus fern",Asparagaceae,"
  Non-Native : Cultivated
    
  "
277,http://www.starrenvironmental.com/images/species/?q=Asparagus+officinalis,Asparagus officinalis,Asparagus,Asparagaceae,"
  Non-Native : Cultivated
    
      Also placed in Liliaceae.
"
278,http://www.starrenvironmental.com/images/species/?q=Asparagus+plumosus,Asparagus plumosus,Asparagus fern,Asparagaceae,"
  Non-Native : Naturalized
    
      Also known as Asparagus setaceus.  Also placed in Liliaceae.
"
279,http://www.starrenvironmental.com/images/species/?q=Asparagus+sp.,Asparagus sp.,Asparagus,Asparagaceae,"
  Non-Native : Cultivated
    
  "
280,http://www.starrenvironmental.com/images/species/?q=Asplenium+acuminatum,Asplenium acuminatum,Lola,Aspleniaceae,"
  Native : Endemic
    
  "
281,http://www.starrenvironmental.com/images/species/?q=Asplenium+adiantum-nigrum,Asplenium adiantum-nigrum,Iwaiwa,Aspleniaceae,"
  Native : Indigenous
    
  "
282,http://www.starrenvironmental.com/images/species/?q=Asplenium+aethiopicum,Asplenium aethiopicum,Iwaiwa a Kane,Aspleniaceae,"
  Native : Indigenous
    
  "
283,http://www.starrenvironmental.com/images/species/?q=Asplenium+contiguum,Asplenium contiguum,Asplenium,Aspleniaceae,"
  Native : Endemic
    
  "
284,http://www.starrenvironmental.com/images/species/?q=Asplenium+lobulatum,Asplenium lobulatum,"Piipii lau manamana, analii",Aspleniaceae,"
  Native : Indigenous
    
  "
285,http://www.starrenvironmental.com/images/species/?q=Asplenium+macraei,Asplenium macraei,Iwaiwa lau lii,Aspleniaceae,"
  Native : Endemic?
    
  "
286,http://www.starrenvironmental.com/images/species/?q=Asplenium+nidus,Asplenium nidus,Ekaha,Aspleniaceae,"
  Native : Indigenous
    
  "
287,http://www.starrenvironmental.com/images/species/?q=Asplenium+polyodon,Asplenium polyodon,Punana manu,Aspleniaceae,"
  Native : Indigenous
    
  "
288,http://www.starrenvironmental.com/images/species/?q=Asplenium+sp.,Asplenium sp.,Asplenium,Aspleniaceae,"
  Native : ?
    
  "
289,http://www.starrenvironmental.com/images/species/?q=Asplenium+trichomanes+subsp.+densum,Asplenium trichomanes subsp. densum,Maidenhair spleenwort,Aspleniaceae,"
  Native : Endemic
    
  "
290,http://www.starrenvironmental.com/images/species/?q=Astelia+menziesiana,Astelia menziesiana,"Painiu, kaluaha, pua akuhinia",Asteliaceae,"
  Native : Endemic
    
      Also place in Liliaceae.
"
291,http://www.starrenvironmental.com/images/species/?q=Aster+subulatus+var.+sandwicensis,Aster subulatus var. sandwicensis,Annual saltmarsh aster,Asteraceae,"
  Non-Native : Naturalized
    
  "
292,http://www.starrenvironmental.com/images/species/?q=Asteriscus+maritimus,Asteriscus maritimus,"Compact gold coin, Mediterranean beach daisy",Asteraceae,"
  Non-Native : Cultivated
    
  "
293,http://www.starrenvironmental.com/images/species/?q=Asystasia+gangetica,Asystasia gangetica,"Chinese violet, coromandel",Acanthaceae,"
  Non-Native : Naturalized
    
  "
294,http://www.starrenvironmental.com/images/species/?q=Asystasia+gangetica+subsp.+micrantha,Asystasia gangetica subsp. micrantha,Small Chinese violet,Acanthaceae,"
  Non-Native : Naturalized
    
  "
295,http://www.starrenvironmental.com/images/species/?q=Asystasia+sp.,Asystasia sp.,Asystasia,Acanthaceae,"
  Non-Native : Naturalized
    
  "
296,http://www.starrenvironmental.com/images/species/?q=Athyrium+microphyllum,Athyrium microphyllum,Akolea,Woodsiaceae,"
  Native : Endemic
    
      Also placed in Athyriaceae.
"
297,http://www.starrenvironmental.com/images/species/?q=Atriplex+canescens,Atriplex canescens,Four wing saltbush,Amaranthaceae,"
  Non-Native : Naturalized
    
  "
298,http://www.starrenvironmental.com/images/species/?q=Atriplex+lentiformis,Atriplex lentiformis,"Tree atriplex, lens scale, quailbush",Amaranthaceae,"
  Non-Native : Naturalized
    
  "
299,http://www.starrenvironmental.com/images/species/?q=Atriplex+semibaccata,Atriplex semibaccata,Australian saltbush,Amaranthaceae,"
  Non-Native : Naturalized
    
  "
300,http://www.starrenvironmental.com/images/species/?q=Atriplex+suberecta,Atriplex suberecta,Saltbush,Amaranthaceae,"
  Non-Native : Naturalized
    
  "
301,http://www.starrenvironmental.com/images/species/?q=Atuna+racemosa+subsp.+racemosa,Atuna racemosa subsp. racemosa,Atuna,Chrysobalanaceae,"
  Non-Native : Cultivated
    
  "
302,http://www.starrenvironmental.com/images/species/?q=Austrocylindropuntia+subulata,Austrocylindropuntia subulata,"Eve's pin cactus, can cholla",Cactaceae,"
  Non-Native : Cultivated
    
  "
303,http://www.starrenvironmental.com/images/species/?q=Avena+nuda,Avena nuda,Hulless oats,Poaceae,"
  Non-Native : Cultivated
    
  "
304,http://www.starrenvironmental.com/images/species/?q=Avena+sativa,Avena sativa,Oat,Poaceae,"
  Non-Native : Naturalized
    
  "
305,http://www.starrenvironmental.com/images/species/?q=Averrhoa+bilimbi,Averrhoa bilimbi,"Bilimbi, cucumber tree",Oxalidaceae,"
  Non-Native : Cultivated
    
  "
306,http://www.starrenvironmental.com/images/species/?q=Averrhoa+carambola,Averrhoa carambola,"Star fruit, carambola",Oxalidaceae,"
  Non-Native : Cultivated
    
  "
307,http://www.starrenvironmental.com/images/species/?q=Avicennia+germinans,Avicennia germinans,Black mangrove,Verbenaceae,"
  Non-Native : Cultivated
    
  "
308,http://www.starrenvironmental.com/images/species/?q=Axonopus+compressus,Axonopus compressus,Wide-leaved carpetgrass,Poaceae,"
  Non-Native : Naturalized
    
  "
309,http://www.starrenvironmental.com/images/species/?q=Axonopus+fissifolius,Axonopus fissifolius,Narrow-leaved carpetgrass,Poaceae,"
  Non-Native : Naturalized
    
  "
310,http://www.starrenvironmental.com/images/species/?q=Azadirachta+indica,Azadirachta indica,Neem,Meliaceae,"
  Non-Native : Cultivated
    
  "
311,http://www.starrenvironmental.com/images/species/?q=Azolla+filiculoides,Azolla filiculoides,"Ferny azolla, large mosquito fern",Salviniaceae,"
  Non-Native : Naturalized
    
      Also placed in Azollaceae.
"
312,http://www.starrenvironmental.com/images/species/?q=Azolla+pinnata,Azolla pinnata,"Ferny azolla, mosquito fern",Salviniaceae,"
  Non-Native : Cultivated
    
      Also placed in Azollaceae.
"
313,http://www.starrenvironmental.com/images/species/?q=Baccharis+halimifolia,Baccharis halimifolia,"Groundsel bush, consumption weed",Asteraceae,"
  Non-Native : Cultivated
    
  "
314,http://www.starrenvironmental.com/images/species/?q=Bacopa+monnieri,Bacopa monnieri,Aeae,Plantaginaceae,"
  Native : Indigenous
    
      Also placed in Scrophulariaceae.
"
315,http://www.starrenvironmental.com/images/species/?q=Bactris+gasipaes,Bactris gasipaes,Peach palm,Arecaceae,"
  Non-Native : Cultivated
    
  "
316,http://www.starrenvironmental.com/images/species/?q=Bambusa+glaucophylla,Bambusa glaucophylla,Dwarf Malay bamboo,Poaceae,"
  Non-Native : Cultivated
    
  "
317,http://www.starrenvironmental.com/images/species/?q=Bambusa+lako,Bambusa lako,Timor black bamoo,Poaceae,"
  Non-Native : Cultivated
    
  "
318,http://www.starrenvironmental.com/images/species/?q=Bambusa+multiplex,Bambusa multiplex,Hedge bamboo,Poaceae,"
  Non-Native : Cultivated
    
  "
319,http://www.starrenvironmental.com/images/species/?q=Bambusa+oldhamii,Bambusa oldhamii,"Giant timber bamboo, Oldham's bamboo, old hamii",Poaceae,"
  Non-Native : Cultivated
    
      Also known as Sinocalamus oldhamii.
"
320,http://www.starrenvironmental.com/images/species/?q=Bambusa+textilis,Bambusa textilis,Weaver's bamboo,Poaceae,"
  Non-Native : Cultivated
    
  "
321,http://www.starrenvironmental.com/images/species/?q=Bambusa+ventricosa,Bambusa ventricosa,Buddha belly bamboo,Poaceae,"
  Non-Native : Cultivated
    
  "
322,http://www.starrenvironmental.com/images/species/?q=Bambusa+vulgaris,Bambusa vulgaris,"Common bamboo, giant yellow clumping bamboo",Poaceae,"
  Non-Native : Cultivated
    
  "
323,http://www.starrenvironmental.com/images/species/?q=Banisteriopsis+caapi,Banisteriopsis caapi,"Caapi vine, ayahuasca, yage",Malpighiaceae,"
  Non-Native : Naturalized
    
  "
324,http://www.starrenvironmental.com/images/species/?q=Banksia+aemula,Banksia aemula,Wallum banksia tree,Proteaceae,"
  Non-Native : Cultivated
    
      Also known as Banksia serratifolia.
"
325,http://www.starrenvironmental.com/images/species/?q=Banksia+baueri,Banksia baueri,"Possum banksia, wooly banksia",Proteaceae,"
  Non-Native : Cultivated
    
  "
326,http://www.starrenvironmental.com/images/species/?q=Banksia+ericifolia,Banksia ericifolia,"Heath banksia, lantern banksia",Proteaceae,"
  Non-Native : Cultivated
    
  "
327,http://www.starrenvironmental.com/images/species/?q=Banksia+integrifolia,Banksia integrifolia,Coast banksia,Proteaceae,"
  Non-Native : Naturalized
    
      Larger, whorled leaves and larger flowers.
"
328,http://www.starrenvironmental.com/images/species/?q=Banksia+marginata,Banksia marginata,Silver banksia,Proteaceae,"
  Non-Native : Cultivated
    
      Smaller leaves that mostly have 2 small lateral teeth near the tip, even when fully adult.
"
329,http://www.starrenvironmental.com/images/species/?q=Banksia+menziesii,Banksia menziesii,Menzies banksia,Proteaceae,"
  Non-Native : Cultivated
    
  "
330,http://www.starrenvironmental.com/images/species/?q=Banksia+prionotes,Banksia prionotes,Acorn banksia,Proteaceae,"
  Non-Native : Cultivated
    
  "
331,http://www.starrenvironmental.com/images/species/?q=Banksia+sp.,Banksia sp.,Banksia,Proteaceae,"
  Non-Native : Cultivated
    
  "
332,http://www.starrenvironmental.com/images/species/?q=Banksia+speciosa,Banksia speciosa,Showy banksia,Proteaceae,"
  Non-Native : Cultivated
    
  "
333,http://www.starrenvironmental.com/images/species/?q=Banksia+spinulosa+var.+collina,Banksia spinulosa var. collina,"Hill banksia, golden candlesticks",Proteaceae,"
  Non-Native : Cultivated
    
  "
334,http://www.starrenvironmental.com/images/species/?q=Barleria+albostellata,Barleria albostellata,Downy barleria,Acanthaceae,"
  Non-Native : Cultivated
    
  "
335,http://www.starrenvironmental.com/images/species/?q=Barleria+cristata,Barleria cristata,Philippine violet,Acanthaceae,"
  Non-Native : Naturalized
    
  "
336,http://www.starrenvironmental.com/images/species/?q=Barleria+repens,Barleria repens,Coral creeper,Acanthaceae,"
  Non-Native : Naturalized
    
  "
337,http://www.starrenvironmental.com/images/species/?q=Barringtonia+asiatica,Barringtonia asiatica,"Barringtonia, hotu, hutu, shaving brush tree",Lecythidaceae,"
  Non-Native : Cultivated
    
  "
338,http://www.starrenvironmental.com/images/species/?q=Barringtonia+edulis,Barringtonia edulis,Cut nut,Lecythidaceae,"
  Non-Native : Cultivated
    
  "
339,http://www.starrenvironmental.com/images/species/?q=Bartlettina+sordida,Bartlettina sordida,Bartlettina,Asteraceae,"
  Non-Native : Cultivated
    
      Also known as Eupatorium atrorubens.
"
340,http://www.starrenvironmental.com/images/species/?q=Basella+alba,Basella alba,"Ceylon spinach, Malabar spinach",Basellaceae,"
  Non-Native : Naturalized
    
  "
341,http://www.starrenvironmental.com/images/species/?q=Bassia+hyssopifolia,Bassia hyssopifolia,Bassia,Amaranthaceae,"
  Non-Native : Naturalized
    
  "
342,http://www.starrenvironmental.com/images/species/?q=Batis+maritima,Batis maritima,Pickleweed,Bataceae,"
  Non-Native : Naturalized
    
  "
343,http://www.starrenvironmental.com/images/species/?q=Bauhinia+acuminata,Bauhinia acuminata,"Dwarf white bauhinia, white orchid-tree, snowy orchid-tree",Fabaceae,"
  Non-Native : Cultivated
    
  "
344,http://www.starrenvironmental.com/images/species/?q=Bauhinia+galpinii,Bauhinia galpinii,"Pride of the Cape, red bauhinia, nasturtium bauhinia",Fabaceae,"
  Non-Native : Cultivated
    
  "
345,http://www.starrenvironmental.com/images/species/?q=Bauhinia+glauca,Bauhinia glauca,Climbing bauhinia,Fabaceae,"
  Non-Native : Cultivated
    
  "
346,http://www.starrenvironmental.com/images/species/?q=Bauhinia+hookeri,Bauhinia hookeri,Mountain ebony,Fabaceae,"
  Non-Native : Cultivated
    
  "
347,http://www.starrenvironmental.com/images/species/?q=Bauhinia+monandra,Bauhinia monandra,"Pink bauhinia, orchid tree, Napoleon's plume",Fabaceae,"
  Non-Native : Naturalized
    
  "
348,http://www.starrenvironmental.com/images/species/?q=Bauhinia+monandra+var.+alba,Bauhinia monandra var. alba,St. Thomas tree,Fabaceae,"
  Non-Native : Cultivated
    
  "
349,http://www.starrenvironmental.com/images/species/?q=Bauhinia+purpurea,Bauhinia purpurea,Orchid tree,Fabaceae,"
  Non-Native : Cultivated
    
  "
350,http://www.starrenvironmental.com/images/species/?q=Bauhinia+sp.,Bauhinia sp.,Bauhinia,Fabaceae,"
  Non-Native : Cultivated
    
  "
351,http://www.starrenvironmental.com/images/species/?q=Bauhinia+variegata,Bauhinia variegata,Orchid tree,Fabaceae,"
  Non-Native : Cultivated
    
  "
352,http://www.starrenvironmental.com/images/species/?q=Bauhinia+variegata+var.+candida,Bauhinia variegata var. candida,White variegated orchid tree,Fabaceae,"
  Non-Native : Cultivated
    
  "
353,http://www.starrenvironmental.com/images/species/?q=Bauhinia+x+blakeana,Bauhinia x blakeana,Hong Kong orchid tree,Fabaceae,"
  Non-Native : Cultivated
    
  "
354,http://www.starrenvironmental.com/images/species/?q=Beaucarnea+recurvata,Beaucarnea recurvata,"Pony tail palm, beaucarnea, bottle ponytail",Asparagaceae,"
  Non-Native : Cultivated
    
      Also known as Nolina recurvata.  Also placed in Agavaceae.
"
355,http://www.starrenvironmental.com/images/species/?q=Begonia+brevirimosa+subsp.+exotica,Begonia brevirimosa subsp. exotica,"Exotic begonia, shrub begonia",Begoniaceae,"
  Non-Native : Cultivated
    
  "
356,http://www.starrenvironmental.com/images/species/?q=Begonia+foliosa,Begonia foliosa,"Fern begonia, fern leaf begonia",Begoniaceae,"
  Non-Native : Naturalized
    
  "
357,http://www.starrenvironmental.com/images/species/?q=Begonia+hirtella,Begonia hirtella,Begonia,Begoniaceae,"
  Non-Native : Naturalized
    
  "
358,http://www.starrenvironmental.com/images/species/?q=Begonia+odorata,Begonia odorata,Begonia,Begoniaceae,"
  Non-Native : Cultivated
    
  "
359,http://www.starrenvironmental.com/images/species/?q=Begonia+semperflorens-cultorum,Begonia semperflorens-cultorum,Wax begonia,Begoniaceae,"
  Non-Native : Cultivated
    
  "
360,http://www.starrenvironmental.com/images/species/?q=Begonia+sp.,Begonia sp.,Begonia,Begoniaceae,"
  Non-Native : Cultivated
    
  "
361,http://www.starrenvironmental.com/images/species/?q=Belamcanda+chinensis,Belamcanda chinensis,"Hiogi, blackberry-lily, leopard flower",Iridaceae,"
  Non-Native : Cultivated
    
      Also known as Iris domestica.
"
362,http://www.starrenvironmental.com/images/species/?q=Berkheya+purpurea,Berkheya purpurea,Purple berkheya,Asteraceae,"
  Non-Native : Cultivated
    
  "
363,http://www.starrenvironmental.com/images/species/?q=Beta+vulgaris,Beta vulgaris,Beet,Amaranthaceae,"
  Non-Native : Cultivated
    
  "
364,http://www.starrenvironmental.com/images/species/?q=Beta+vulgaris+subsp.+cicla,Beta vulgaris subsp. cicla,"Chard, Swiss chard, spinach beet",Amaranthaceae,"
  Non-Native : Cultivated
    
  "
365,http://www.starrenvironmental.com/images/species/?q=Bidens+alba+var.+radiata,Bidens alba var. radiata,Beggartick,Asteraceae,"
  Non-Native : Naturalized
    
  "
366,http://www.starrenvironmental.com/images/species/?q=Bidens+campylotheca+subsp.+pentamera,Bidens campylotheca subsp. pentamera,Rainforest bidens,Asteraceae,"
  Native : Endemic
    
  "
367,http://www.starrenvironmental.com/images/species/?q=Bidens+conjuncta,Bidens conjuncta,Kookoolau,Asteraceae,"
  Native : Endemic
    
  "
368,http://www.starrenvironmental.com/images/species/?q=Bidens+cynapiifolia,Bidens cynapiifolia,Blue bidens,Asteraceae,"
  Non-Native : Naturalized
    
  "
369,http://www.starrenvironmental.com/images/species/?q=Bidens+hillebrandiana,Bidens hillebrandiana,Kookoolau,Asteraceae,"
  Native : Endemic
    
  "
370,http://www.starrenvironmental.com/images/species/?q=Bidens+mauiensis,Bidens mauiensis,Kookoolau,Asteraceae,"
  Native : Endemic
    
  "
371,http://www.starrenvironmental.com/images/species/?q=Bidens+menziesii,Bidens menziesii,Kookoolau,Asteraceae,"
  Native : Endemic
    
  "
372,http://www.starrenvironmental.com/images/species/?q=Bidens+menziesii+subsp.+filiformis,Bidens menziesii subsp. filiformis,Kookoolau,Asteraceae,"
  Native : Endemic
    
  "
373,http://www.starrenvironmental.com/images/species/?q=Bidens+menziesii+subsp.+menziesii,Bidens menziesii subsp. menziesii,Kookoolau,Asteraceae,"
  Native : Endemic
    
  "
374,http://www.starrenvironmental.com/images/species/?q=Bidens+menziesii+x+mauiense,Bidens menziesii x mauiense,Kookoolau hybrid,Asteraceae,"
  Native : Endemic
    
  "
375,http://www.starrenvironmental.com/images/species/?q=Bidens+micrantha,Bidens micrantha,Kookoolau,Asteraceae,"
  Native : Endemic
    
  "
376,http://www.starrenvironmental.com/images/species/?q=Bidens+micrantha+subsp.+kalealaha,Bidens micrantha subsp. kalealaha,Kookoolau,Asteraceae,"
  Native : Endemic
    
  "
377,http://www.starrenvironmental.com/images/species/?q=Bidens+micrantha+subsp.+micrantha,Bidens micrantha subsp. micrantha,Kookoolau,Asteraceae,"
  Native : Endemic
    
  "
378,http://www.starrenvironmental.com/images/species/?q=Bidens+micrantha+x+hillebrandiana,Bidens micrantha x hillebrandiana,Kookoolau hybrid,Asteliaceae,"
  Native : Endemic
    
  "
379,http://www.starrenvironmental.com/images/species/?q=Bidens+pilosa,Bidens pilosa,"Spanish needle, ki, ki nehe, ki pipili, nehe",Asteraceae,"
  Non-Native : Naturalized
    
  "
380,http://www.starrenvironmental.com/images/species/?q=Bidens+sp.,Bidens sp.,Bidens,Asteraceae,"
  ? : ?
    
  "
381,http://www.starrenvironmental.com/images/species/?q=Bidens+wiebkei,Bidens wiebkei,Kookoolau,Asteraceae,"
  Native : Endemic
    
  "
382,http://www.starrenvironmental.com/images/species/?q=Billbergia+sp.,Billbergia sp.,Billbergia,Bromeliaceae,"
  Non-Native : Cultivated
    
  "
383,http://www.starrenvironmental.com/images/species/?q=Bischofia+javanica,Bischofia javanica,"Bischofia, Javanese bishopwood",Phyllanthaceae,"
  Non-Native : Naturalized
    
      Also placed in Euphorbiaceae.
"
384,http://www.starrenvironmental.com/images/species/?q=Bismarckia+nobilis,Bismarckia nobilis,Bismarck palm,Arecaceae,"
  Non-Native : Cultivated
    
  "
385,http://www.starrenvironmental.com/images/species/?q=Bixa+orellana,Bixa orellana,"Annatto, achiote, lipstick tree, alaea laau, kumauna",Bixaceae,"
  Non-Native : Naturalized
    
  "
386,http://www.starrenvironmental.com/images/species/?q=Blechnum+appendiculatum,Blechnum appendiculatum,Blechnum,Blechnaceae,"
  Non-Native : Naturalized
    
      Also known as Blechnum occidentale.
"
387,http://www.starrenvironmental.com/images/species/?q=Blechnum+gibbum,Blechnum gibbum,Dwarf tree fern,Blechnaceae,"
  Non-Native : Cultivated
    
  "
388,http://www.starrenvironmental.com/images/species/?q=Bobea+elatior,Bobea elatior,Ahakea,Rubiaceae,"
  Native : Endemic
    
  "
389,http://www.starrenvironmental.com/images/species/?q=Bocconia+frutescens,Bocconia frutescens,Tree poppy,Papaveraceae,"
  Non-Native : Naturalized
    
  "
390,http://www.starrenvironmental.com/images/species/?q=Boehmeria+grandis,Boehmeria grandis,Akolea,Urticaceae,"
  Native : Endemic
    
  "
391,http://www.starrenvironmental.com/images/species/?q=Boerhavia+acutifolia,Boerhavia acutifolia,Alena,Nyctaginaceae,"
  Native : Indigenous
    
  "
392,http://www.starrenvironmental.com/images/species/?q=Boerhavia+coccinea,Boerhavia coccinea,Boerhavia,Nyctaginaceae,"
  Non-Native : Naturalized
    
  "
393,http://www.starrenvironmental.com/images/species/?q=Boerhavia+herbstii,Boerhavia herbstii,Alena,Nyctaginaceae,"
  Native : Endemic
    
  "
394,http://www.starrenvironmental.com/images/species/?q=Boerhavia+repens,Boerhavia repens,Alena,Nyctaginaceae,"
  Native : Indigenous
    
  "
395,http://www.starrenvironmental.com/images/species/?q=Boerhavia+sp.,Boerhavia sp.,Alena,Nyctaginaceae,"
  Native : ?
    
  "
396,http://www.starrenvironmental.com/images/species/?q=Bolboschoenus+maritimus,Bolboschoenus maritimus,Kaluha,Cyperaceae,"
  Native : Indigenous
    
  "
397,http://www.starrenvironmental.com/images/species/?q=Bolusanthus+speciosus,Bolusanthus speciosus,Tree wisteria,Fabaceae,"
  Non-Native : Cultivated
    
  "
398,http://www.starrenvironmental.com/images/species/?q=Bombax+ceiba,Bombax ceiba,"Red silk cotton tree, kapok",Bombacaceae,"
  Non-Native : Cultivated
    
  "
399,http://www.starrenvironmental.com/images/species/?q=Bonamia+menziesii,Bonamia menziesii,Bonamia,Convolvulaceae,"
  Native : Endemic
    
  "
400,http://www.starrenvironmental.com/images/species/?q=Bontia+daphnoides,Bontia daphnoides,Bontia,Myoporaceae,"
  Non-Native : Cultivated
    
  "
401,http://www.starrenvironmental.com/images/species/?q=Borago+officinalis,Borago officinalis,Borage,Boraginaceae,"
  Non-Native : Cultivated
    
  "
402,http://www.starrenvironmental.com/images/species/?q=Borassodendron+machadonis,Borassodendron machadonis,Borassodendron,Arecaceae,"
  Non-Native : Cultivated
    
  "
403,http://www.starrenvironmental.com/images/species/?q=Bothriochloa+barbinodis,Bothriochloa barbinodis,Fuzzy top,Poaceae,"
  Non-Native : Naturalized
    
  "
404,http://www.starrenvironmental.com/images/species/?q=Bothriochloa+bladhii,Bothriochloa bladhii,Airport grass,Poaceae,"
  Non-Native : Naturalized
    
  "
405,http://www.starrenvironmental.com/images/species/?q=Bothriochloa+laguroides,Bothriochloa laguroides,Beardgrass,Poaceae,"
  Non-Native : Naturalized
    
  "
406,http://www.starrenvironmental.com/images/species/?q=Bothriochloa+pertusa,Bothriochloa pertusa,Pitted beardgrass,Poaceae,"
  Non-Native : Naturalized
    
  "
407,http://www.starrenvironmental.com/images/species/?q=Bothriochloa+sp.,Bothriochloa sp.,Beardgrass,Poaceae,"
  Non-Native : Naturalized
    
  "
408,http://www.starrenvironmental.com/images/species/?q=Bougainvillea+sp.,Bougainvillea sp.,Bougainvillea,Nyctaginaceae,"
  Non-Native : Cultivated
    
  "
409,http://www.starrenvironmental.com/images/species/?q=Bougainvillea+spectabilis,Bougainvillea spectabilis,Bougainvillea,Nyctaginaceae,"
  Non-Native : Cultivated
    
  "
410,http://www.starrenvironmental.com/images/species/?q=Bougainvillea+x+buttiana,Bougainvillea x buttiana,Bougainvillea,Nyctaginaceae,"
  Non-Native : Cultivated
    
  "
411,http://www.starrenvironmental.com/images/species/?q=Bouvardia+ternifolia,Bouvardia ternifolia,Scarlet bouvardia,Rubiaceae,"
  Non-Native : Cultivated
    
  "
412,http://www.starrenvironmental.com/images/species/?q=Brachychiton+acerifolius,Brachychiton acerifolius,Flame bottle tree,Malvaceae,"
  Non-Native : Cultivated
    
      Also placed in Malvaceae.
"
413,http://www.starrenvironmental.com/images/species/?q=Brachycome+multifida,Brachycome multifida,Cut leaf daisy,Asteraceae,"
  Non-Native : Cultivated
    
      Also known as Brachyscome multifida.
"
414,http://www.starrenvironmental.com/images/species/?q=Brachycome+sp.,Brachycome sp.,Brachycome,Asteraceae,"
  Non-Native : Cultivated
    
      Also known as Brachyscome.
"
415,http://www.starrenvironmental.com/images/species/?q=Bracteantha+bracteata,Bracteantha bracteata,"Strawflower, golden everlasting daisy",Asteraceae,"
  Non-Native : Cultivated
    
  "
416,http://www.starrenvironmental.com/images/species/?q=Brassavola+nodosa,Brassavola nodosa,Lady of the night,Orchidaceae,"
  Non-Native : Cultivated
    
  "
417,http://www.starrenvironmental.com/images/species/?q=Brassica+juncea,Brassica juncea,Mustard cabbage,Brassicaceae,"
  Non-Native : Naturalized
    
  "
418,http://www.starrenvironmental.com/images/species/?q=Brassica+nigra,Brassica nigra,"Black mustard, makeke",Brassicaceae,"
  Non-Native : Naturalized
    
  "
419,http://www.starrenvironmental.com/images/species/?q=Brassica+oleracea,Brassica oleracea,"Kale, brussel sprout",Brassicaceae,"
  Non-Native : Cultivated
    
  "
420,http://www.starrenvironmental.com/images/species/?q=Brassica+oleracea+var.+alboglabra,Brassica oleracea var. alboglabra,Kailaan,Brassicaceae,"
  Non-Native : Cultivated
    
  "
421,http://www.starrenvironmental.com/images/species/?q=Brassica+oleracea+var.+botrytis,Brassica oleracea var. botrytis,"Broccoli, cauliflower",Brassicaceae,"
  Non-Native : Cultivated
    
  "
422,http://www.starrenvironmental.com/images/species/?q=Brassica+oleracea+var.+capitata,Brassica oleracea var. capitata,Cabbage,Brassicaceae,"
  Non-Native : Cultivated
    
  "
423,http://www.starrenvironmental.com/images/species/?q=Brassica+oleracea+var.+gongylodes,Brassica oleracea var. gongylodes,Kohlrabi,Brassicaceae,"
  Non-Native : Cultivated
    
  "
424,http://www.starrenvironmental.com/images/species/?q=Brassica+rapa,Brassica rapa,Chinese cabbage,Brassicaceae,"
  Non-Native : Naturalized
    
  "
425,http://www.starrenvironmental.com/images/species/?q=Brassica+rapa+var.+chinensis,Brassica rapa var. chinensis,"Bok choi, pak choi, pak choy, pok choi",Brassicaceae,"
  Non-Native : Cultivated
    
      Also known as Brassica campestris.
"
426,http://www.starrenvironmental.com/images/species/?q=Brassica+rapa+var.+parachinensis,Brassica rapa var. parachinensis,"Choy sum, Chinese flowering cabbage",Brassicaceae,"
  Non-Native : Cultivated
    
  "
427,http://www.starrenvironmental.com/images/species/?q=Brassica+rapa+var.+rapa,Brassica rapa var. rapa,Turnip,Brassicaceae,"
  Non-Native : Cultivated
    
  "
428,http://www.starrenvironmental.com/images/species/?q=Brassica+rapa+var.+rosularis,Brassica rapa var. rosularis,Tatsoi,Brassicaceae,"
  Non-Native : Cultivated
    
  "
429,http://www.starrenvironmental.com/images/species/?q=Brassica+sp.,Brassica sp.,Unknown brassica,Brassicaceae,"
  Non-Native : Cultivated
    
  "
430,http://www.starrenvironmental.com/images/species/?q=Brassolaeliocattleya+sp.,Brassolaeliocattleya sp.,"Brassavola, Cattleya and Leilia hybrid orchid",Orchidaceae,"
  Non-Native : Cultivated
    
  "
431,http://www.starrenvironmental.com/images/species/?q=Brexia+madagascariensis,Brexia madagascariensis,Brexia,Grossulariaceae,"
  Non-Native : Naturalized
    
      Also placed in Saxifragaceae.
"
432,http://www.starrenvironmental.com/images/species/?q=Breynia+disticha,Breynia disticha,"Snowbush, foliage flower",Phyllanthaceae,"
  Non-Native : Naturalized
    
      Also placed in Euphorbiaceae.
"
433,http://www.starrenvironmental.com/images/species/?q=Brighamia+insignis,Brighamia insignis,"Olulu, pu aupaka, alula, haha",Campanulaceae,"
  Native : Endemic
    
  "
434,http://www.starrenvironmental.com/images/species/?q=Brighamia+rockii,Brighamia rockii,"Pua ala, alula, haha",Campanulaceae,"
  Native : Endemic
    
  "
435,http://www.starrenvironmental.com/images/species/?q=Brighamia+sp.,Brighamia sp.,Brighamia,Campanulaceae,"
  Native : Endemic
    
  "
436,http://www.starrenvironmental.com/images/species/?q=Briza+maxima,Briza maxima,Big quaking grass,Poaceae,"
  Non-Native : Naturalized
    
  "
437,http://www.starrenvironmental.com/images/species/?q=Briza+minor,Briza minor,Little quaking grass,Poaceae,"
  Non-Native : Naturalized
    
  "
438,http://www.starrenvironmental.com/images/species/?q=Bromus+catharticus,Bromus catharticus,Rescue grass,Poaceae,"
  Non-Native : Naturalized
    
      Also known as Bromus willdenowii.
"
439,http://www.starrenvironmental.com/images/species/?q=Bromus+diandrus,Bromus diandrus,Ripgut grass,Poaceae,"
  Non-Native : Naturalized
    
      Also known as Bromus rigidus.
"
440,http://www.starrenvironmental.com/images/species/?q=Bromus+hordeaceus,Bromus hordeaceus,Soft chess,Poaceae,"
  Non-Native : Naturalized
    
  "
441,http://www.starrenvironmental.com/images/species/?q=Bromus+rubens,Bromus rubens,Red brome,Poaceae,"
  Non-Native : Naturalized
    
  "
442,http://www.starrenvironmental.com/images/species/?q=Bromus+sp.,Bromus sp.,Bromus,Poaceae,"
  Non-Native : Naturalized
    
  "
443,http://www.starrenvironmental.com/images/species/?q=Bromus+tectorum,Bromus tectorum,Cheat grass,Poaceae,"
  Non-Native : Naturalized
    
  "
444,http://www.starrenvironmental.com/images/species/?q=Broussaisia+arguta,Broussaisia arguta,Kanawao,Hydrangeaceae,"
  Native : Endemic
    
  "
445,http://www.starrenvironmental.com/images/species/?q=Broussonetia+luzonica,Broussonetia luzonica,"Alakon, alucon, himbabao",Moraceae,"
  Non-Native : Cultivated
    
  "
446,http://www.starrenvironmental.com/images/species/?q=Broussonetia+papyrifera,Broussonetia papyrifera,Wauke,Moraceae,"
  Non-Native : Polynesian
    
  "
447,http://www.starrenvironmental.com/images/species/?q=Brownea+sp.,Brownea sp.,Brownea,Fabaceae,"
  Non-Native : Cultivated
    
  "
448,http://www.starrenvironmental.com/images/species/?q=Brugmansia+sp.,Brugmansia sp.,Angel's trumpet,Solanaceae,"
  Non-Native : Cultivated
    
      Also known as Dature sp.
"
449,http://www.starrenvironmental.com/images/species/?q=Brunfelsia+americana,Brunfelsia americana,Lady of the night,Solanaceae,"
  Non-Native : Cultivated
    
  "
450,http://www.starrenvironmental.com/images/species/?q=Brunfelsia+australis,Brunfelsia australis,Yesterday today and tomorrow plant,Solanaceae,"
  Non-Native : Cultivated
    
  "
451,http://www.starrenvironmental.com/images/species/?q=Brunfelsia+latifolia,Brunfelsia latifolia,"Yesterday-today-tomorrow, kiss me quick",Solanaceae,"
  Non-Native : Cultivated
    
  "
452,http://www.starrenvironmental.com/images/species/?q=Brunfelsia+sp.,Brunfelsia sp.,Brunfelsia,Solanaceae,"
  Non-Native : Cultivated
    
  "
453,http://www.starrenvironmental.com/images/species/?q=Buchloe+dactyloides,Buchloe dactyloides,Buffalo grass,Poaceae,"
  Non-Native : Cultivated
    
  "
454,http://www.starrenvironmental.com/images/species/?q=Bucida+buceras,Bucida buceras,"Jucaro, geometry tree",Combretaceae,"
  Non-Native : Cultivated
    
  "
455,http://www.starrenvironmental.com/images/species/?q=Buddleja+asiatica,Buddleja asiatica,Dog tail,Scrophulariaceae,"
  Non-Native : Naturalized
    
      Also known as Buddleia asiatica.  Also placed in Buddlejaceae.
"
456,http://www.starrenvironmental.com/images/species/?q=Buddleja+davidii,Buddleja davidii,Butterfly bush,Scrophulariaceae,"
  Non-Native : Naturalized
    
      Also known as Buddleia davidii.  Also placed in Buddlejaceae.
"
457,http://www.starrenvironmental.com/images/species/?q=Buddleja+madagascariensis,Buddleja madagascariensis,Smoke bush,Scrophulariaceae,"
  Non-Native : Naturalized
    
      Also known as Buddleia madagascariensis.  Also placed in Buddlejaceae.
"
458,http://www.starrenvironmental.com/images/species/?q=Buddleja+salviifolia,Buddleja salviifolia,"South African sage wood, sage leaf buddleja",Scrophulariaceae,"
  Non-Native : Cultivated
    
  "
459,http://www.starrenvironmental.com/images/species/?q=Buddleja+sp.,Buddleja sp.,Buddleia,Scrophulariaceae,"
  Non-Native : Cultivated
    
  "
460,http://www.starrenvironmental.com/images/species/?q=Bulbine+frutescens,Bulbine frutescens,Stalked bulbine,Asphodelaceae,"
  Non-Native : Cultivated
    
  "
461,http://www.starrenvironmental.com/images/species/?q=Bunchosia+argentea,Bunchosia argentea,Peanut butter fruit,Malpighiaceae,"
  Non-Native : Cultivated
    
  "
462,http://www.starrenvironmental.com/images/species/?q=Burbidgea+schizocheila,Burbidgea schizocheila,"Golden brush, golden ginger",Zingiberaceae,"
  Non-Native : Cultivated
    
  "
463,http://www.starrenvironmental.com/images/species/?q=Bursera+simaruba,Bursera simaruba,"Gumbo limbo, West Indian birch",Burseraceae,"
  Non-Native : Cultivated
    
  "
464,http://www.starrenvironmental.com/images/species/?q=Butia+capitata,Butia capitata,"Pindo palm, jelly palm",Arecaceae,"
  Non-Native : Cultivated
    
  "
465,http://www.starrenvironmental.com/images/species/?q=Buxus+microphylla+var.+japonica,Buxus microphylla var. japonica,Japanese boxwood,Buxaceae,"
  Non-Native : Cultivated
    
  "
466,http://www.starrenvironmental.com/images/species/?q=Buxus+sempervirens,Buxus sempervirens,Boxwood,Buxaceae,"
  Non-Native : Cultivated
    
  "
467,http://www.starrenvironmental.com/images/species/?q=Buxus+sp.,Buxus sp.,Boxwood,Buxaceae,"
  Non-Native : Cultivated
    
  "
468,http://www.starrenvironmental.com/images/species/?q=Caesalpinia+bonduc,Caesalpinia bonduc,Gray nickers,Fabaceae,"
  Native : Indigenous
    
      Also known as Guilandina bonduc.
"
469,http://www.starrenvironmental.com/images/species/?q=Caesalpinia+decapetala,Caesalpinia decapetala,"Cat's claw, wait a bit, Mysore thorn, pua kelekino",Fabaceae,"
  Non-Native : Naturalized
    
  "
470,http://www.starrenvironmental.com/images/species/?q=Caesalpinia+ferrea,Caesalpinia ferrea,Brazilian ironwood,Fabaceae,"
  Non-Native : Cultivated
    
  "
471,http://www.starrenvironmental.com/images/species/?q=Caesalpinia+kavaiensis,Caesalpinia kavaiensis,"Uhi uhi, kawau, kea",Fabaceae,"
  Native : Endemic
    
  "
472,http://www.starrenvironmental.com/images/species/?q=Caesalpinia+pulcherrima,Caesalpinia pulcherrima,"Ohai alii, dwarf poinciana, pride of Barbados, bird of paradise",Fabaceae,"
  Non-Native : Cultivated
    
  "
473,http://www.starrenvironmental.com/images/species/?q=Cajanus+cajan,Cajanus cajan,"Pigeon pea, dahl",Fabaceae,"
  Non-Native : Naturalized
    
  "
474,http://www.starrenvironmental.com/images/species/?q=Caladium+bicolor,Caladium bicolor,"Caladium, heart of Jesus",Araceae,"
  Non-Native : Cultivated
    
  "
475,http://www.starrenvironmental.com/images/species/?q=Caladium+lindenii,Caladium lindenii,Indian kale,Araceae,"
  Non-Native : Cultivated
    
      Also known as Xanthosoma lindenii.
"
476,http://www.starrenvironmental.com/images/species/?q=Caladium+sp.,Caladium sp.,Caladium,Araceae,"
  Non-Native : Cultivated
    
  "
477,http://www.starrenvironmental.com/images/species/?q=Calamagrostis+expansa,Calamagrostis expansa,Reedgrass,Poaceae,"
  Native : Endemic
    
  "
478,http://www.starrenvironmental.com/images/species/?q=Calathea+crotalifera,Calathea crotalifera,Rattlesnake plant,Marantaceae,"
  Non-Native : Cultivated
    
  "
479,http://www.starrenvironmental.com/images/species/?q=Calathea+cylindrica,Calathea cylindrica,Green ice,Marantaceae,"
  Non-Native : Cultivated
    
      Also known as Calathea grandifolia.
"
480,http://www.starrenvironmental.com/images/species/?q=Calathea+lutea,Calathea lutea,"Cuban cigar, pampano",Marantaceae,"
  Non-Native : Cultivated
    
  "
481,http://www.starrenvironmental.com/images/species/?q=Calathea+orbifolia,Calathea orbifolia,Prayer plant,Marantaceae,"
  Non-Native : Cultivated
    
  "
482,http://www.starrenvironmental.com/images/species/?q=Calathea+roseopicta,Calathea roseopicta,"Rose painted calathea, medallion",Marantaceae,"
  Non-Native : Cultivated
    
  "
483,http://www.starrenvironmental.com/images/species/?q=Calathea+sp.,Calathea sp.,Prayers plant,Marantaceae,"
  Non-Native : Cultivated
    
  "
484,http://www.starrenvironmental.com/images/species/?q=Calathea+zebrina,Calathea zebrina,Zebra plant,Marantaceae,"
  Non-Native : Cultivated
    
  "
485,http://www.starrenvironmental.com/images/species/?q=Calendula+officinalis,Calendula officinalis,Pot marigold,Asteraceae,"
  Non-Native : Cultivated
    
  "
486,http://www.starrenvironmental.com/images/species/?q=Calibrachoa+sp.,Calibrachoa sp.,Calibrachoa,Solanaceae,"
  Non-Native : Cultivated
    
  "
487,http://www.starrenvironmental.com/images/species/?q=Calliandra+haematocephala,Calliandra haematocephala,Red powderpuff,Fabaceae,"
  Non-Native : Cultivated
    
  "
488,http://www.starrenvironmental.com/images/species/?q=Calliandra+houstoniana+var.+calothyrsus,Calliandra houstoniana var. calothyrsus,Tree calliandra,Fabaceae,"
  Non-Native : Cultivated
    
      Also known as Calliandra calothyrsus.
"
489,http://www.starrenvironmental.com/images/species/?q=Calliandra+sp.,Calliandra sp.,Calliandra,Fabaceae,"
  Non-Native : Cultivated
    
  "
490,http://www.starrenvironmental.com/images/species/?q=Calliandra+surinamensis,Calliandra surinamensis,"Surinam powderpuff, pink powderpuff",Fabaceae,"
  Non-Native : Cultivated
    
  "
491,http://www.starrenvironmental.com/images/species/?q=Callicarpa+americana,Callicarpa americana,American beautyberry,Verbenaceae,"
  Non-Native : Cultivated
    
  "
492,http://www.starrenvironmental.com/images/species/?q=Callisia+fragrans,Callisia fragrans,Basket plant,Commelinaceae,"
  Non-Native : Naturalized
    
  "
493,http://www.starrenvironmental.com/images/species/?q=Callisia+repens,Callisia repens,Inch plant,Commelinaceae,"
  Non-Native : Cultivated
    
  "
494,http://www.starrenvironmental.com/images/species/?q=Callistemon+citrinus,Callistemon citrinus,"Red bottle brush, lemon bottle brush",Myrtaceae,"
  Non-Native : Cultivated
    
  "
495,http://www.starrenvironmental.com/images/species/?q=Callistemon+sp.,Callistemon sp.,Bottle brush,Myrtaceae,"
  Non-Native : Cultivated
    
  "
496,http://www.starrenvironmental.com/images/species/?q=Callistemon+viminalis,Callistemon viminalis,Weeping bottle brush,Myrtaceae,"
  Non-Native : Cultivated
    
  "
497,http://www.starrenvironmental.com/images/species/?q=Callitris+sp.,Callitris sp.,Cypress-pine,Cupressaceae,"
  Non-Native : Naturalized
    
  "
498,http://www.starrenvironmental.com/images/species/?q=Calocedrus+decurrens,Calocedrus decurrens,Incense cedar,Cupressaceae,"
  Non-Native : Cultivated
    
  "
499,http://www.starrenvironmental.com/images/species/?q=Calodendrum+capense,Calodendrum capense,Cape chestnut,Rutaceae,"
  Non-Native : Cultivated
    
  "
500,http://www.starrenvironmental.com/images/species/?q=Calophyllum+inophyllum,Calophyllum inophyllum,Kamani,Clusiaceae,"
  Non-Native : Polynesian
    
  "
